vol_iss_date, pdf_link, cover_loc, iss_loc
"Vol. 1, No. 2, May 15, 1967", https://www.marxists.org/history/usa/pubs/black-panther/01n01-Apr%2025%201967.pdf, ./periodicals/black-panther/bpp-covers/01n01-Apr%2025%201967_cover.pdf, ./periodicals/black-panther/bpp-issues/01n01-Apr%2025%201967.pdf
"Vol. 1, No. 3, June 20, 1967", https://www.marxists.org/history/usa/pubs/black-panther/01n02-May%2015%201967.pdf, ./periodicals/black-panther/bpp-covers/01n02-May%2015%201967_cover.pdf, ./periodicals/black-panther/bpp-issues/01n02-May%2015%201967.pdf
"Vol. 1, No. 4, July 3, 1967", https://www.marxists.org/history/usa/pubs/black-panther/01n03-Jun%2020%201967.pdf, ./periodicals/black-panther/bpp-covers/01n03-Jun%2020%201967_cover.pdf, ./periodicals/black-panther/bpp-issues/01n03-Jun%2020%201967.pdf
"Vol. 1, No. 5, July 20, 1967", https://www.marxists.org/history/usa/pubs/black-panther/01n04-Jul%203%201967.pdf, ./periodicals/black-panther/bpp-covers/01n04-Jul%203%201967_cover.pdf, ./periodicals/black-panther/bpp-issues/01n04-Jul%203%201967.pdf
"Vol. 1, No. 6, November 23, 1967", https://www.marxists.org/history/usa/pubs/black-panther/01n05-Jul%2020%201967.pdf, ./periodicals/black-panther/bpp-covers/01n05-Jul%2020%201967_cover.pdf, ./periodicals/black-panther/bpp-issues/01n05-Jul%2020%201967.pdf
"Vol. 2, No. 2, May 4, 1968", https://www.marxists.org/history/usa/pubs/black-panther/01n06-Nov%2023%201967.pdf, ./periodicals/black-panther/bpp-covers/01n06-Nov%2023%201967_cover.pdf, ./periodicals/black-panther/bpp-issues/01n06-Nov%2023%201967.pdf
"Vol. 2, No. 3, May 18, 1968", https://www.marxists.org/history/usa/pubs/black-panther/02n02-May%204%201968.pdf, ./periodicals/black-panther/bpp-covers/02n02-May%204%201968_cover.pdf, ./periodicals/black-panther/bpp-issues/02n02-May%204%201968.pdf
"Vol. 2, No. 5, September 7, 1968", https://www.marxists.org/history/usa/pubs/black-panther/02n03-May%2018%201968.pdf, ./periodicals/black-panther/bpp-covers/02n03-May%2018%201968_cover.pdf, ./periodicals/black-panther/bpp-issues/02n03-May%2018%201968.pdf
"Vol. 2, No. 6, September 14, 1968", https://www.marxists.org/history/usa/pubs/black-panther/02n05-Sep%207%201968.pdf, ./periodicals/black-panther/bpp-covers/02n05-Sep%207%201968_cover.pdf, ./periodicals/black-panther/bpp-issues/02n05-Sep%207%201968.pdf
"Vol. 2, No. 7, September 28, 1968", https://www.marxists.org/history/usa/pubs/black-panther/02n06-Sep%2014%201968.pdf, ./periodicals/black-panther/bpp-covers/02n06-Sep%2014%201968_cover.pdf, ./periodicals/black-panther/bpp-issues/02n06-Sep%2014%201968.pdf
"Vol. 2, No. 8, October 5, 1968", https://www.marxists.org/history/usa/pubs/black-panther/02n07-Sep%2028%201968.pdf, ./periodicals/black-panther/bpp-covers/02n07-Sep%2028%201968_cover.pdf, ./periodicals/black-panther/bpp-issues/02n07-Sep%2028%201968.pdf
"Vol. 2, No. 9, October 12, 1968", https://www.marxists.org/history/usa/pubs/black-panther/02n08-Oct%205%201968.pdf, ./periodicals/black-panther/bpp-covers/02n08-Oct%205%201968_cover.pdf, ./periodicals/black-panther/bpp-issues/02n08-Oct%205%201968.pdf
"Vol. 2, No. 9, October 19, 1968", https://www.marxists.org/history/usa/pubs/black-panther/02n09-24%20Oct%2012%201968.pdf, ./periodicals/black-panther/bpp-covers/02n09-24%20Oct%2012%201968_cover.pdf, ./periodicals/black-panther/bpp-issues/02n09-24%20Oct%2012%201968.pdf
"Vol. 2, No. 10, October 26, 1968", https://www.marxists.org/history/usa/pubs/black-panther/02n09-Oct%2019%201968.pdf, ./periodicals/black-panther/bpp-covers/02n09-Oct%2019%201968_cover.pdf, ./periodicals/black-panther/bpp-issues/02n09-Oct%2019%201968.pdf
"Vol. 2, No. 11, November 2, 1968", https://www.marxists.org/history/usa/pubs/black-panther/02n010-Oct%2026%201968.pdf, ./periodicals/black-panther/bpp-covers/02n010-Oct%2026%201968_cover.pdf, ./periodicals/black-panther/bpp-issues/02n010-Oct%2026%201968.pdf
"Vol. 2, Nos. 12-14, November 16, 1968", https://www.marxists.org/history/usa/pubs/black-panther/02n011-Nov%202%201968.pdf, ./periodicals/black-panther/bpp-covers/02n011-Nov%202%201968_cover.pdf, ./periodicals/black-panther/bpp-issues/02n011-Nov%202%201968.pdf
"Vol. 2, Nos. 15-17, December 7, 1968", https://www.marxists.org/history/usa/pubs/black-panther/02n012-14-Nov%2016%201968.pdf, ./periodicals/black-panther/bpp-covers/02n012-14-Nov%2016%201968_cover.pdf, ./periodicals/black-panther/bpp-issues/02n012-14-Nov%2016%201968.pdf
"Vol. 2, No. 18, December 21, 1968", https://www.marxists.org/history/usa/pubs/black-panther/02n015-17-Dec%207%201968.pdf, ./periodicals/black-panther/bpp-covers/02n015-17-Dec%207%201968_cover.pdf, ./periodicals/black-panther/bpp-issues/02n015-17-Dec%207%201968.pdf
"Vol. 2, No. 19, January 4, 1969", https://www.marxists.org/history/usa/pubs/black-panther/02n018-Dec%2021%201968.pdf, ./periodicals/black-panther/bpp-covers/02n018-Dec%2021%201968_cover.pdf, ./periodicals/black-panther/bpp-issues/02n018-Dec%2021%201968.pdf
"Vol. 2, No. 20, January 15, 1969", https://www.marxists.org/history/usa/pubs/black-panther/02n019-Jan%204%201969.pdf, ./periodicals/black-panther/bpp-covers/02n019-Jan%204%201969_cover.pdf, ./periodicals/black-panther/bpp-issues/02n019-Jan%204%201969.pdf
"Vol. 2, No. 21, January 25, 1969", https://www.marxists.org/history/usa/pubs/black-panther/02n020-Jan%2015%201969.pdf, ./periodicals/black-panther/bpp-covers/02n020-Jan%2015%201969_cover.pdf, ./periodicals/black-panther/bpp-issues/02n020-Jan%2015%201969.pdf
"Vol. 2, No. 22, February 2, 1969", https://www.marxists.org/history/usa/pubs/black-panther/02n021-Jan%2025%201969.pdf, ./periodicals/black-panther/bpp-covers/02n021-Jan%2025%201969_cover.pdf, ./periodicals/black-panther/bpp-issues/02n021-Jan%2025%201969.pdf
"Vol. 2, No. 23, February 17, 1969", https://www.marxists.org/history/usa/pubs/black-panther/02n022-Feb%202%201969.pdf, ./periodicals/black-panther/bpp-covers/02n022-Feb%202%201969_cover.pdf, ./periodicals/black-panther/bpp-issues/02n022-Feb%202%201969.pdf
"Vol. 2, No. 24, March 3, 1969", https://www.marxists.org/history/usa/pubs/black-panther/02n023-Feb%2017%201969.pdf, ./periodicals/black-panther/bpp-covers/02n023-Feb%2017%201969_cover.pdf, ./periodicals/black-panther/bpp-issues/02n023-Feb%2017%201969.pdf
"Vol. 2, No. 25, March 9, 1969", https://www.marxists.org/history/usa/pubs/black-panther/02n024-Mar%203%201969.pdf, ./periodicals/black-panther/bpp-covers/02n024-Mar%203%201969_cover.pdf, ./periodicals/black-panther/bpp-issues/02n024-Mar%203%201969.pdf
"Vol. 2, No. 26, March 16, 1969", https://www.marxists.org/history/usa/pubs/black-panther/02n025-Mar%209%201969.pdf, ./periodicals/black-panther/bpp-covers/02n025-Mar%209%201969_cover.pdf, ./periodicals/black-panther/bpp-issues/02n025-Mar%209%201969.pdf
"Vol. 2, No. 27, March 23, 1969", https://www.marxists.org/history/usa/pubs/black-panther/02n026-Mar%2016%201969.pdf, ./periodicals/black-panther/bpp-covers/02n026-Mar%2016%201969_cover.pdf, ./periodicals/black-panther/bpp-issues/02n026-Mar%2016%201969.pdf
"Vol. 2, No. 28, March 31, 1969", https://www.marxists.org/history/usa/pubs/black-panther/02n27-mar%2023%201969.pdf, ./periodicals/black-panther/bpp-covers/02n27-mar%2023%201969_cover.pdf, ./periodicals/black-panther/bpp-issues/02n27-mar%2023%201969.pdf
"Vol. 2, No. 29, April 6, 1969", https://www.marxists.org/history/usa/pubs/black-panther/02n28-mar%2031%201969.pdf, ./periodicals/black-panther/bpp-covers/02n28-mar%2031%201969_cover.pdf, ./periodicals/black-panther/bpp-issues/02n28-mar%2031%201969.pdf
"Vol. 2, No. 30, April 20, 1969", https://www.marxists.org/history/usa/pubs/black-panther/02n29-apr%206%201969.pdf, ./periodicals/black-panther/bpp-covers/02n29-apr%206%201969_cover.pdf, ./periodicals/black-panther/bpp-issues/02n29-apr%206%201969.pdf
"Vol. 3, No. 1, April 27, 1969", https://www.marxists.org/history/usa/pubs/black-panther/02n30-apr%2020%201969.pdf, ./periodicals/black-panther/bpp-covers/02n30-apr%2020%201969_cover.pdf, ./periodicals/black-panther/bpp-issues/02n30-apr%2020%201969.pdf
"Vol. 3, No. 2, May 4, 1969", https://www.marxists.org/history/usa/pubs/black-panther/03n01-apr%2027%201969.pdf, ./periodicals/black-panther/bpp-covers/03n01-apr%2027%201969_cover.pdf, ./periodicals/black-panther/bpp-issues/03n01-apr%2027%201969.pdf
"Vol. 3, No. 3, May 11, 1969", https://www.marxists.org/history/usa/pubs/black-panther/03n02-may%204%201969.pdf, ./periodicals/black-panther/bpp-covers/03n02-may%204%201969_cover.pdf, ./periodicals/black-panther/bpp-issues/03n02-may%204%201969.pdf
"Vol. 3, No. 4, May 19, 1969", https://www.marxists.org/history/usa/pubs/black-panther/03n03-may%2011%201969.pdf, ./periodicals/black-panther/bpp-covers/03n03-may%2011%201969_cover.pdf, ./periodicals/black-panther/bpp-issues/03n03-may%2011%201969.pdf
"Vol. 3, No. 5, May 25, 1969", https://www.marxists.org/history/usa/pubs/black-panther/03n04-may%2019%201969.pdf, ./periodicals/black-panther/bpp-covers/03n04-may%2019%201969_cover.pdf, ./periodicals/black-panther/bpp-issues/03n04-may%2019%201969.pdf
"Vol. 3, No. 6, May 31, 1969", https://www.marxists.org/history/usa/pubs/black-panther/03n05-may%2025%201969.pdf, ./periodicals/black-panther/bpp-covers/03n05-may%2025%201969_cover.pdf, ./periodicals/black-panther/bpp-issues/03n05-may%2025%201969.pdf
"Vol. 3, No. 7, June 7, 1969", https://www.marxists.org/history/usa/pubs/black-panther/03n06-may%2031%201969.pdf, ./periodicals/black-panther/bpp-covers/03n06-may%2031%201969_cover.pdf, ./periodicals/black-panther/bpp-issues/03n06-may%2031%201969.pdf
"Vol. 3, No. 8, June 14, 1969", https://www.marxists.org/history/usa/pubs/black-panther/03n07-jun%207%201969.pdf, ./periodicals/black-panther/bpp-covers/03n07-jun%207%201969_cover.pdf, ./periodicals/black-panther/bpp-issues/03n07-jun%207%201969.pdf
"Vol. 3, No. 9, June 21, 1969", https://www.marxists.org/history/usa/pubs/black-panther/03n08-jun%2014%201969.pdf, ./periodicals/black-panther/bpp-covers/03n08-jun%2014%201969_cover.pdf, ./periodicals/black-panther/bpp-issues/03n08-jun%2014%201969.pdf
"Vol. 3, No. 10, June 28, 1969", https://www.marxists.org/history/usa/pubs/black-panther/03n09-jun%2021%201969.pdf, ./periodicals/black-panther/bpp-covers/03n09-jun%2021%201969_cover.pdf, ./periodicals/black-panther/bpp-issues/03n09-jun%2021%201969.pdf
"Vol. 3, No. 11, July 5, 1969", https://www.marxists.org/history/usa/pubs/black-panther/03n10-jun%2028%201969.pdf, ./periodicals/black-panther/bpp-covers/03n10-jun%2028%201969_cover.pdf, ./periodicals/black-panther/bpp-issues/03n10-jun%2028%201969.pdf
"Vol. 3, No. 12, July 12, 1969", https://www.marxists.org/history/usa/pubs/black-panther/03n11-jul%205%201969.pdf, ./periodicals/black-panther/bpp-covers/03n11-jul%205%201969_cover.pdf, ./periodicals/black-panther/bpp-issues/03n11-jul%205%201969.pdf
"Vol. 3, No. 13, July 19, 1969", https://www.marxists.org/history/usa/pubs/black-panther/03n12-jul%2012%201969.pdf, ./periodicals/black-panther/bpp-covers/03n12-jul%2012%201969_cover.pdf, ./periodicals/black-panther/bpp-issues/03n12-jul%2012%201969.pdf
"Vol. 3, No. 14, , 1969", https://www.marxists.org/history/usa/pubs/black-panther/03n13-jul%2019%201969.pdf, ./periodicals/black-panther/bpp-covers/03n13-jul%2019%201969_cover.pdf, ./periodicals/black-panther/bpp-issues/03n13-jul%2019%201969.pdf
"Vol. 3, No. 15, August 2, 1969", https://www.marxists.org/history/usa/pubs/black-panther/03n14-jul%2026%201969.pdf, ./periodicals/black-panther/bpp-covers/03n14-jul%2026%201969_cover.pdf, ./periodicals/black-panther/bpp-issues/03n14-jul%2026%201969.pdf
"Vol. 3, No. 16, August 9, 1969", https://www.marxists.org/history/usa/pubs/black-panther/03n15-aug%202%201969.pdf, ./periodicals/black-panther/bpp-covers/03n15-aug%202%201969_cover.pdf, ./periodicals/black-panther/bpp-issues/03n15-aug%202%201969.pdf
"Vol. 3, No. 17, August 16, 1969", https://www.marxists.org/history/usa/pubs/black-panther/03n16-aug%209%201969.pdf, ./periodicals/black-panther/bpp-covers/03n16-aug%209%201969_cover.pdf, ./periodicals/black-panther/bpp-issues/03n16-aug%209%201969.pdf
"Vol. 3, No. 19, August 30, 1969", https://www.marxists.org/history/usa/pubs/black-panther/03n17-aug%2016%201969.pdf, ./periodicals/black-panther/bpp-covers/03n17-aug%2016%201969_cover.pdf, ./periodicals/black-panther/bpp-issues/03n17-aug%2016%201969.pdf
"Vol. 3, No. 20, September 6, 1969", https://www.marxists.org/history/usa/pubs/black-panther/03n19-aug%2030%201969.pdf, ./periodicals/black-panther/bpp-covers/03n19-aug%2030%201969_cover.pdf, ./periodicals/black-panther/bpp-issues/03n19-aug%2030%201969.pdf
"Vol. 3, No. 21, September 13, 1969", https://www.marxists.org/history/usa/pubs/black-panther/03n20-sep%206%201969.pdf, ./periodicals/black-panther/bpp-covers/03n20-sep%206%201969_cover.pdf, ./periodicals/black-panther/bpp-issues/03n20-sep%206%201969.pdf
"Vol. 3, No. 22, September 20, 1969", https://www.marxists.org/history/usa/pubs/black-panther/03n21-sep%2013%201969.pdf, ./periodicals/black-panther/bpp-covers/03n21-sep%2013%201969_cover.pdf, ./periodicals/black-panther/bpp-issues/03n21-sep%2013%201969.pdf
"Vol. 3, No. 23, September 27, 1969", https://www.marxists.org/history/usa/pubs/black-panther/03n22-sep%2020%201969.pdf, ./periodicals/black-panther/bpp-covers/03n22-sep%2020%201969_cover.pdf, ./periodicals/black-panther/bpp-issues/03n22-sep%2020%201969.pdf
"Vol. 3, No. 24, October 4, 1969", https://www.marxists.org/history/usa/pubs/black-panther/03n23-sep%2027%201969.pdf, ./periodicals/black-panther/bpp-covers/03n23-sep%2027%201969_cover.pdf, ./periodicals/black-panther/bpp-issues/03n23-sep%2027%201969.pdf
"Vol. 3, No. 25, October 11, 1969", https://www.marxists.org/history/usa/pubs/black-panther/03n24-oct%204%201969.pdf, ./periodicals/black-panther/bpp-covers/03n24-oct%204%201969_cover.pdf, ./periodicals/black-panther/bpp-issues/03n24-oct%204%201969.pdf
"Vol. 3, No. 26, October 18, 1969", https://www.marxists.org/history/usa/pubs/black-panther/03n25-oct%2011%201969.pdf, ./periodicals/black-panther/bpp-covers/03n25-oct%2011%201969_cover.pdf, ./periodicals/black-panther/bpp-issues/03n25-oct%2011%201969.pdf
"Vol. 3, No. 27, October 25, 1969", https://www.marxists.org/history/usa/pubs/black-panther/03n26-oct%2018%201969.pdf, ./periodicals/black-panther/bpp-covers/03n26-oct%2018%201969_cover.pdf, ./periodicals/black-panther/bpp-issues/03n26-oct%2018%201969.pdf
"Vol. 3, No. 28, November 1, 1969", https://www.marxists.org/history/usa/pubs/black-panther/03n27-oct%2025%201969.pdf, ./periodicals/black-panther/bpp-covers/03n27-oct%2025%201969_cover.pdf, ./periodicals/black-panther/bpp-issues/03n27-oct%2025%201969.pdf
"Vol. 3, No. 29, November 8, 1969", https://www.marxists.org/history/usa/pubs/black-panther/03n28-nov%201%201969.pdf, ./periodicals/black-panther/bpp-covers/03n28-nov%201%201969_cover.pdf, ./periodicals/black-panther/bpp-issues/03n28-nov%201%201969.pdf
"Vol. 3, No. 30, November 15, 1969", https://www.marxists.org/history/usa/pubs/black-panther/03n29-nov%208%201969.pdf, ./periodicals/black-panther/bpp-covers/03n29-nov%208%201969_cover.pdf, ./periodicals/black-panther/bpp-issues/03n29-nov%208%201969.pdf
"Vol. 3, No. 31, November 22, 1969", https://www.marxists.org/history/usa/pubs/black-panther/03n30-nov%2015%201969.pdf, ./periodicals/black-panther/bpp-covers/03n30-nov%2015%201969_cover.pdf, ./periodicals/black-panther/bpp-issues/03n30-nov%2015%201969.pdf
"Vol. 3, No. 33, November 29, 1969", https://www.marxists.org/history/usa/pubs/black-panther/03n31-nov%2022%201969.pdf, ./periodicals/black-panther/bpp-covers/03n31-nov%2022%201969_cover.pdf, ./periodicals/black-panther/bpp-issues/03n31-nov%2022%201969.pdf
"Vol. 4, No. 1, December 6, 1969", https://www.marxists.org/history/usa/pubs/black-panther/03n32-nov%2029%201969.pdf, ./periodicals/black-panther/bpp-covers/03n32-nov%2029%201969_cover.pdf, ./periodicals/black-panther/bpp-issues/03n32-nov%2029%201969.pdf
"Vol. 4, No. 2, December 13, 1969", https://www.marxists.org/history/usa/pubs/black-panther/04%20no%201%201-20%20dec%206%201969.pdf, ./periodicals/black-panther/bpp-covers/04%20no%201%201-20%20dec%206%201969_cover.pdf, ./periodicals/black-panther/bpp-issues/04%20no%201%201-20%20dec%206%201969.pdf
"Vol. 4, No. 3, July 25, 1970", https://www.marxists.org/history/usa/pubs/black-panther/04%20no%202%201-20%20dec%2013%201969.pdf, ./periodicals/black-panther/bpp-covers/04%20no%202%201-20%20dec%2013%201969_cover.pdf, ./periodicals/black-panther/bpp-issues/04%20no%202%201-20%20dec%2013%201969.pdf
"Vol. 4, No. 4, December 27, 1970", https://www.marxists.org/history/usa/pubs/black-panther/04%20no%203%201-20%20jul%2025%201970.pdf, ./periodicals/black-panther/bpp-covers/04%20no%203%201-20%20jul%2025%201970_cover.pdf, ./periodicals/black-panther/bpp-issues/04%20no%203%201-20%20jul%2025%201970.pdf
"Vol. 4, No. 5, January 3, 1970", https://www.marxists.org/history/usa/pubs/black-panther/04%20no%204%201-20%20dec%2027%201969.pdf, ./periodicals/black-panther/bpp-covers/04%20no%204%201-20%20dec%2027%201969_cover.pdf, ./periodicals/black-panther/bpp-issues/04%20no%204%201-20%20dec%2027%201969.pdf
"Vol. 4, No. 6, January 10, 1970", https://www.marxists.org/history/usa/pubs/black-panther/04%20no%205%201-24%20jan%203%201970.pdf, ./periodicals/black-panther/bpp-covers/04%20no%205%201-24%20jan%203%201970_cover.pdf, ./periodicals/black-panther/bpp-issues/04%20no%205%201-24%20jan%203%201970.pdf
"Vol. 4, No. 7, January 17, 1970", https://www.marxists.org/history/usa/pubs/black-panther/04%20no%206%201-20%20jan%2010%201970.pdf, ./periodicals/black-panther/bpp-covers/04%20no%206%201-20%20jan%2010%201970_cover.pdf, ./periodicals/black-panther/bpp-issues/04%20no%206%201-20%20jan%2010%201970.pdf
"Vol. 4, No. 8, January 24, 1970", https://www.marxists.org/history/usa/pubs/black-panther/04%20no%207%201-20%20jan%2017%201970.pdf, ./periodicals/black-panther/bpp-covers/04%20no%207%201-20%20jan%2017%201970_cover.pdf, ./periodicals/black-panther/bpp-issues/04%20no%207%201-20%20jan%2017%201970.pdf
"Vol. 4, No. 8, January 31, 1970", https://www.marxists.org/history/usa/pubs/black-panther/04%20no%208%201-16%20jan%2024%201970.pdf, ./periodicals/black-panther/bpp-covers/04%20no%208%201-16%20jan%2024%201970_cover.pdf, ./periodicals/black-panther/bpp-issues/04%20no%208%201-16%20jan%2024%201970.pdf
"Vol. 4, No. 9, February 9, 1970", https://www.marxists.org/history/usa/pubs/black-panther/04%20no%208%201-20%20jan%2031%201970.pdf, ./periodicals/black-panther/bpp-covers/04%20no%208%201-20%20jan%2031%201970_cover.pdf, ./periodicals/black-panther/bpp-issues/04%20no%208%201-20%20jan%2031%201970.pdf
"Vol. 4, No. 10, February 17, 1970", https://www.marxists.org/history/usa/pubs/black-panther/04%20no%209%201-20%20feb%207%201970.pdf, ./periodicals/black-panther/bpp-covers/04%20no%209%201-20%20feb%207%201970_cover.pdf, ./periodicals/black-panther/bpp-issues/04%20no%209%201-20%20feb%207%201970.pdf
"Vol. 4, No. 12, February 21, 1970", https://www.marxists.org/history/usa/pubs/black-panther/04%20no%2010%201-20%20feb%2017%201970.pdf, ./periodicals/black-panther/bpp-covers/04%20no%2010%201-20%20feb%2017%201970_cover.pdf, ./periodicals/black-panther/bpp-issues/04%20no%2010%201-20%20feb%2017%201970.pdf
"Vol. 4, No. 13, February 28, 1970", https://www.marxists.org/history/usa/pubs/black-panther/04%20no%2012%201-32%20feb%2021%201970.pdf, ./periodicals/black-panther/bpp-covers/04%20no%2012%201-32%20feb%2021%201970_cover.pdf, ./periodicals/black-panther/bpp-issues/04%20no%2012%201-32%20feb%2021%201970.pdf
"Vol. 4, No. 14, March 7, 1970", https://www.marxists.org/history/usa/pubs/black-panther/04%20no%2013%201-24%20feb%2028%201970.pdf, ./periodicals/black-panther/bpp-covers/04%20no%2013%201-24%20feb%2028%201970_cover.pdf, ./periodicals/black-panther/bpp-issues/04%20no%2013%201-24%20feb%2028%201970.pdf
"Vol. 4, No. 15, March 15, 1970", https://www.marxists.org/history/usa/pubs/black-panther/04%20no%2014%201-20%20mar%207%201970.pdf, ./periodicals/black-panther/bpp-covers/04%20no%2014%201-20%20mar%207%201970_cover.pdf, ./periodicals/black-panther/bpp-issues/04%20no%2014%201-20%20mar%207%201970.pdf
"Vol. 4, No. 16, March 21, 1970", https://www.marxists.org/history/usa/pubs/black-panther/04%20no%2015%201-28%20mar%2015%201970.pdf, ./periodicals/black-panther/bpp-covers/04%20no%2015%201-28%20mar%2015%201970_cover.pdf, ./periodicals/black-panther/bpp-issues/04%20no%2015%201-28%20mar%2015%201970.pdf
"Vol. 4, No. 17, March 28, 1970", https://www.marxists.org/history/usa/pubs/black-panther/04%20no%2016%201-24%20mar%2021%201970%20b.pdf, ./periodicals/black-panther/bpp-covers/04%20no%2016%201-24%20mar%2021%201970%20b_cover.pdf, ./periodicals/black-panther/bpp-issues/04%20no%2016%201-24%20mar%2021%201970%20b.pdf
"Vol. 4, No. 19, April 11, 1970", https://www.marxists.org/history/usa/pubs/black-panther/04%20no%2017%201-20%20mar%2028%201970.pdf, ./periodicals/black-panther/bpp-covers/04%20no%2017%201-20%20mar%2028%201970_cover.pdf, ./periodicals/black-panther/bpp-issues/04%20no%2017%201-20%20mar%2028%201970.pdf
"Vol. 4, No. 20, April 18, 1970", https://www.marxists.org/history/usa/pubs/black-panther/04%20no%2019%201-20%20apr%2011%201970.pdf, ./periodicals/black-panther/bpp-covers/04%20no%2019%201-20%20apr%2011%201970_cover.pdf, ./periodicals/black-panther/bpp-issues/04%20no%2019%201-20%20apr%2011%201970.pdf
"Vol. 4, No. 21, April 25, 1970", https://www.marxists.org/history/usa/pubs/black-panther/04%20no%2020%201-20%20apr%2018%201970.pdf, ./periodicals/black-panther/bpp-covers/04%20no%2020%201-20%20apr%2018%201970_cover.pdf, ./periodicals/black-panther/bpp-issues/04%20no%2020%201-20%20apr%2018%201970.pdf
"Vol. 4, No. 23, May 9, 1970", https://www.marxists.org/history/usa/pubs/black-panther/04%20no%2021%201-20%20apr%2025%201970.pdf, ./periodicals/black-panther/bpp-covers/04%20no%2021%201-20%20apr%2025%201970_cover.pdf, ./periodicals/black-panther/bpp-issues/04%20no%2021%201-20%20apr%2025%201970.pdf
"Vol. 4, No. 24, May 19, 1970", https://www.marxists.org/history/usa/pubs/black-panther/04%20no%2023%201-24%20may%209%201970.pdf, ./periodicals/black-panther/bpp-covers/04%20no%2023%201-24%20may%209%201970_cover.pdf, ./periodicals/black-panther/bpp-issues/04%20no%2023%201-24%20may%209%201970.pdf
"Vol. 4, No. 25, May 31, 1970", https://www.marxists.org/history/usa/pubs/black-panther/04%20no%2024%201-24%20may%2019%201970.pdf, ./periodicals/black-panther/bpp-covers/04%20no%2024%201-24%20may%2019%201970_cover.pdf, ./periodicals/black-panther/bpp-issues/04%20no%2024%201-24%20may%2019%201970.pdf
"Vol. 4, No. 27, June 6, 1970", https://www.marxists.org/history/usa/pubs/black-panther/04%20no%2025-26%201-32%20may%2031%201970.pdf, ./periodicals/black-panther/bpp-covers/04%20no%2025-26%201-32%20may%2031%201970_cover.pdf, ./periodicals/black-panther/bpp-issues/04%20no%2025-26%201-32%20may%2031%201970.pdf
"Vol. 4, No. 28, June 13, 1970", https://www.marxists.org/history/usa/pubs/black-panther/04%20no%2027%201-24%20jun%206%201970.pdf, ./periodicals/black-panther/bpp-covers/04%20no%2027%201-24%20jun%206%201970_cover.pdf, ./periodicals/black-panther/bpp-issues/04%20no%2027%201-24%20jun%206%201970.pdf
"Vol. 4, No. 29, June 20, 1970", https://www.marxists.org/history/usa/pubs/black-panther/04%20no%2028%201-24%20jun%2013%201970.pdf, ./periodicals/black-panther/bpp-covers/04%20no%2028%201-24%20jun%2013%201970_cover.pdf, ./periodicals/black-panther/bpp-issues/04%20no%2028%201-24%20jun%2013%201970.pdf
"Vol. 4, No. 30, June 27, 1970", https://www.marxists.org/history/usa/pubs/black-panther/04%20no%2029%201-24%20jun%2020%201970.pdf, ./periodicals/black-panther/bpp-covers/04%20no%2029%201-24%20jun%2020%201970_cover.pdf, ./periodicals/black-panther/bpp-issues/04%20no%2029%201-24%20jun%2020%201970.pdf
"Vol. 5, No. 1, July 4, 1970", https://www.marxists.org/history/usa/pubs/black-panther/04%20no%2030%201-24%20jun%2027%201970.pdf, ./periodicals/black-panther/bpp-covers/04%20no%2030%201-24%20jun%2027%201970_cover.pdf, ./periodicals/black-panther/bpp-issues/04%20no%2030%201-24%20jun%2027%201970.pdf
"Vol. 5, No. 2, July 11, 1970", https://www.marxists.org/history/usa/pubs/black-panther/05%20no%201%201-24%20jul%204%201970.pdf, ./periodicals/black-panther/bpp-covers/05%20no%201%201-24%20jul%204%201970_cover.pdf, ./periodicals/black-panther/bpp-issues/05%20no%201%201-24%20jul%204%201970.pdf
"Vol. 5, No. 2, July 18, 1970", https://www.marxists.org/history/usa/pubs/black-panther/05%20no%201%201-24%20jul%2011%201970.pdf, ./periodicals/black-panther/bpp-covers/05%20no%201%201-24%20jul%2011%201970_cover.pdf, ./periodicals/black-panther/bpp-issues/05%20no%201%201-24%20jul%2011%201970.pdf
"Vol. 5, No. 4, August 1, 1970", https://www.marxists.org/history/usa/pubs/black-panther/05%20no%202%201-24%20jul%2018%202970.pdf, ./periodicals/black-panther/bpp-covers/05%20no%202%201-24%20jul%2018%202970_cover.pdf, ./periodicals/black-panther/bpp-issues/05%20no%202%201-24%20jul%2018%202970.pdf
"Vol. 5, No. 6, August 8, 1970", https://www.marxists.org/history/usa/pubs/black-panther/05%20no%204%201-28%20aug%201%201970.pdf, ./periodicals/black-panther/bpp-covers/05%20no%204%201-28%20aug%201%201970_cover.pdf, ./periodicals/black-panther/bpp-issues/05%20no%204%201-28%20aug%201%201970.pdf
"Vol. 5, No. 7, August 15, 1970", https://www.marxists.org/history/usa/pubs/black-panther/05%20no%206%201-24%20aug%208%201970.pdf, ./periodicals/black-panther/bpp-covers/05%20no%206%201-24%20aug%208%201970_cover.pdf, ./periodicals/black-panther/bpp-issues/05%20no%206%201-24%20aug%208%201970.pdf
"Vol. 5, No. 8, August 21, 1970", https://www.marxists.org/history/usa/pubs/black-panther/05%20no%207%201-28%20aug%2015%201970.pdf, ./periodicals/black-panther/bpp-covers/05%20no%207%201-28%20aug%2015%201970_cover.pdf, ./periodicals/black-panther/bpp-issues/05%20no%207%201-28%20aug%2015%201970.pdf
"Vol. 5, No. 9, August 29, 1970", https://www.marxists.org/history/usa/pubs/black-panther/05%20no%2008-Aug%2021%201970.pdf, ./periodicals/black-panther/bpp-covers/05%20no%2008-Aug%2021%201970_cover.pdf, ./periodicals/black-panther/bpp-issues/05%20no%2008-Aug%2021%201970.pdf
"Vol. 5, No. 10, September 5, 1970", https://www.marxists.org/history/usa/pubs/black-panther/05%20no%209%201-24%20aug%2029%201970.pdf, ./periodicals/black-panther/bpp-covers/05%20no%209%201-24%20aug%2029%201970_cover.pdf, ./periodicals/black-panther/bpp-issues/05%20no%209%201-24%20aug%2029%201970.pdf
"Vol. 5, No. 11, September 12, 1970", https://www.marxists.org/history/usa/pubs/black-panther/05%20no%2010%201-28%20sep%205%201970.pdf, ./periodicals/black-panther/bpp-covers/05%20no%2010%201-28%20sep%205%201970_cover.pdf, ./periodicals/black-panther/bpp-issues/05%20no%2010%201-28%20sep%205%201970.pdf
"Vol. 5, No. 13, September 26, 1970", https://www.marxists.org/history/usa/pubs/black-panther/05%20no%2011%201-20%20sep%2012%201970.pdf, ./periodicals/black-panther/bpp-covers/05%20no%2011%201-20%20sep%2012%201970_cover.pdf, ./periodicals/black-panther/bpp-issues/05%20no%2011%201-20%20sep%2012%201970.pdf
"Vol. 5, No. 14, October 3, 1970", https://www.marxists.org/history/usa/pubs/black-panther/05%20no%2013%201-24%20sep%2026%201970.pdf, ./periodicals/black-panther/bpp-covers/05%20no%2013%201-24%20sep%2026%201970_cover.pdf, ./periodicals/black-panther/bpp-issues/05%20no%2013%201-24%20sep%2026%201970.pdf
"Vol. 5, No. 15, October 10, 1970", https://www.marxists.org/history/usa/pubs/black-panther/05%20no%2014%201-20%20oct%203%201970.pdf, ./periodicals/black-panther/bpp-covers/05%20no%2014%201-20%20oct%203%201970_cover.pdf, ./periodicals/black-panther/bpp-issues/05%20no%2014%201-20%20oct%203%201970.pdf
"Vol. 5, No. 16, October 17, 1970", https://www.marxists.org/history/usa/pubs/black-panther/05%20no%2015%201-20%20oct%2010%201970.pdf, ./periodicals/black-panther/bpp-covers/05%20no%2015%201-20%20oct%2010%201970_cover.pdf, ./periodicals/black-panther/bpp-issues/05%20no%2015%201-20%20oct%2010%201970.pdf
"Vol. 5, No. 17, October 24, 1970", https://www.marxists.org/history/usa/pubs/black-panther/05%20no%2016%201-24%20oct%2017%201970.pdf, ./periodicals/black-panther/bpp-covers/05%20no%2016%201-24%20oct%2017%201970_cover.pdf, ./periodicals/black-panther/bpp-issues/05%20no%2016%201-24%20oct%2017%201970.pdf
"Vol. 5, No. 18, October 31, 1970", https://www.marxists.org/history/usa/pubs/black-panther/05%20no%2017%201-20%20oct%2024%201970.pdf, ./periodicals/black-panther/bpp-covers/05%20no%2017%201-20%20oct%2024%201970_cover.pdf, ./periodicals/black-panther/bpp-issues/05%20no%2017%201-20%20oct%2024%201970.pdf
"Vol. 5, No. 19, November 7, 1970", https://www.marxists.org/history/usa/pubs/black-panther/05%20no%2018%201-24%20oct%2031%201970.pdf, ./periodicals/black-panther/bpp-covers/05%20no%2018%201-24%20oct%2031%201970_cover.pdf, ./periodicals/black-panther/bpp-issues/05%20no%2018%201-24%20oct%2031%201970.pdf
"Vol. 5, No. 20, November 14, 1970", https://www.marxists.org/history/usa/pubs/black-panther/05%20no%2019%201-16%20nov%207%201970.pdf, ./periodicals/black-panther/bpp-covers/05%20no%2019%201-16%20nov%207%201970_cover.pdf, ./periodicals/black-panther/bpp-issues/05%20no%2019%201-16%20nov%207%201970.pdf
"Vol. 5, No. 21, November 21, 1970", https://www.marxists.org/history/usa/pubs/black-panther/05%20no%2020%201-20%20nov%2014%201970.pdf, ./periodicals/black-panther/bpp-covers/05%20no%2020%201-20%20nov%2014%201970_cover.pdf, ./periodicals/black-panther/bpp-issues/05%20no%2020%201-20%20nov%2014%201970.pdf
"Vol. 5, No. 22, November 28, 1970", https://www.marxists.org/history/usa/pubs/black-panther/05%20no%2021%201-20%20nov%2021%201970.pdf, ./periodicals/black-panther/bpp-covers/05%20no%2021%201-20%20nov%2021%201970_cover.pdf, ./periodicals/black-panther/bpp-issues/05%20no%2021%201-20%20nov%2021%201970.pdf
"Vol. 5, No. 23, December 5, 1970", https://www.marxists.org/history/usa/pubs/black-panther/05%20no%2022%201-20%20nov%2028%201970.pdf, ./periodicals/black-panther/bpp-covers/05%20no%2022%201-20%20nov%2028%201970_cover.pdf, ./periodicals/black-panther/bpp-issues/05%20no%2022%201-20%20nov%2028%201970.pdf
"Vol. 5, No. 24, December 14, 1970", https://www.marxists.org/history/usa/pubs/black-panther/05%20no%2023%201-16%20dec%205%201970.pdf, ./periodicals/black-panther/bpp-covers/05%20no%2023%201-16%20dec%205%201970_cover.pdf, ./periodicals/black-panther/bpp-issues/05%20no%2023%201-16%20dec%205%201970.pdf
"Vol. 5, No. 25, December 19, 1970", https://www.marxists.org/history/usa/pubs/black-panther/05%20no%2024%201-20%20dec%2014%201970.pdf, ./periodicals/black-panther/bpp-covers/05%20no%2024%201-20%20dec%2014%201970_cover.pdf, ./periodicals/black-panther/bpp-issues/05%20no%2024%201-20%20dec%2014%201970.pdf
"Vol. 5, No. 26, December 26, 1970", https://www.marxists.org/history/usa/pubs/black-panther/05%20no%2025%201-20%20dec%2019%201970.pdf, ./periodicals/black-panther/bpp-covers/05%20no%2025%201-20%20dec%2019%201970_cover.pdf, ./periodicals/black-panther/bpp-issues/05%20no%2025%201-20%20dec%2019%201970.pdf
"Vol. 5, No. 27, January 2, 1971", https://www.marxists.org/history/usa/pubs/black-panther/05%20no%2026%201-20%20dec%2026%201970.pdf, ./periodicals/black-panther/bpp-covers/05%20no%2026%201-20%20dec%2026%201970_cover.pdf, ./periodicals/black-panther/bpp-issues/05%20no%2026%201-20%20dec%2026%201970.pdf
"Vol. 5, No. 28, January 9, 1971", https://www.marxists.org/history/usa/pubs/black-panther/05%20no%2027%201-11%20jan%202%201971.pdf, ./periodicals/black-panther/bpp-covers/05%20no%2027%201-11%20jan%202%201971_cover.pdf, ./periodicals/black-panther/bpp-issues/05%20no%2027%201-11%20jan%202%201971.pdf
"Vol. 5, No. 29, January 16, 1971", https://www.marxists.org/history/usa/pubs/black-panther/05%20no%2028%201-18%20jan%209%201971.pdf, ./periodicals/black-panther/bpp-covers/05%20no%2028%201-18%20jan%209%201971_cover.pdf, ./periodicals/black-panther/bpp-issues/05%20no%2028%201-18%20jan%209%201971.pdf
"Vol. 5, No. 30, January 23, 1971", https://www.marxists.org/history/usa/pubs/black-panther/05%20no%2029%201-19%20jan%2016%201971.pdf, ./periodicals/black-panther/bpp-covers/05%20no%2029%201-19%20jan%2016%201971_cover.pdf, ./periodicals/black-panther/bpp-issues/05%20no%2029%201-19%20jan%2016%201971.pdf
"Vol. 6, No. 1, January 30, 1971", https://www.marxists.org/history/usa/pubs/black-panther/05%20no%2030%201-20%20jan%2023%201971.pdf, ./periodicals/black-panther/bpp-covers/05%20no%2030%201-20%20jan%2023%201971_cover.pdf, ./periodicals/black-panther/bpp-issues/05%20no%2030%201-20%20jan%2023%201971.pdf
"Vol. 6, No. 2, February 6, 1971", https://www.marxists.org/history/usa/pubs/black-panther/06%20no%201%201-19%20jan%2030%201971.pdf, ./periodicals/black-panther/bpp-covers/06%20no%201%201-19%20jan%2030%201971_cover.pdf, ./periodicals/black-panther/bpp-issues/06%20no%201%201-19%20jan%2030%201971.pdf
"Vol. 6, No. 3, February 13, 1971", https://www.marxists.org/history/usa/pubs/black-panther/06%20no%202%201-20%20feb%206%201971.pdf, ./periodicals/black-panther/bpp-covers/06%20no%202%201-20%20feb%206%201971_cover.pdf, ./periodicals/black-panther/bpp-issues/06%20no%202%201-20%20feb%206%201971.pdf
"Vol. 6, No. 4, February 20, 1971", https://www.marxists.org/history/usa/pubs/black-panther/06%20no%203%201-20%20feb%2013%201971.pdf, ./periodicals/black-panther/bpp-covers/06%20no%203%201-20%20feb%2013%201971_cover.pdf, ./periodicals/black-panther/bpp-issues/06%20no%203%201-20%20feb%2013%201971.pdf
"Vol. 6, No. 5, February 27, 1971", https://www.marxists.org/history/usa/pubs/black-panther/06%20no%204%201-20%20feb%2020%201971.pdf, ./periodicals/black-panther/bpp-covers/06%20no%204%201-20%20feb%2020%201971_cover.pdf, ./periodicals/black-panther/bpp-issues/06%20no%204%201-20%20feb%2020%201971.pdf
"Vol. 6, No. 6, March 6, 1971", https://www.marxists.org/history/usa/pubs/black-panther/06%20no%205%201-20%20feb%2027%201971.pdf, ./periodicals/black-panther/bpp-covers/06%20no%205%201-20%20feb%2027%201971_cover.pdf, ./periodicals/black-panther/bpp-issues/06%20no%205%201-20%20feb%2027%201971.pdf
"Vol. 6, 7, March 13, 1971", https://www.marxists.org/history/usa/pubs/black-panther/06%20no%206%201-20%20mar%206%201971.pdf, ./periodicals/black-panther/bpp-covers/06%20no%206%201-20%20mar%206%201971_cover.pdf, ./periodicals/black-panther/bpp-issues/06%20no%206%201-20%20mar%206%201971.pdf
"Vol. 6, 8, March 20, 1971", https://www.marxists.org/history/usa/pubs/black-panther/06%20no%207%201-15%20mar%2013%201971.pdf, ./periodicals/black-panther/bpp-covers/06%20no%207%201-15%20mar%2013%201971_cover.pdf, ./periodicals/black-panther/bpp-issues/06%20no%207%201-15%20mar%2013%201971.pdf
"Vol. 6, 9, March 27, 1971", https://www.marxists.org/history/usa/pubs/black-panther/06%20no%208%201-20%20mar%2020%201971.pdf, ./periodicals/black-panther/bpp-covers/06%20no%208%201-20%20mar%2020%201971_cover.pdf, ./periodicals/black-panther/bpp-issues/06%20no%208%201-20%20mar%2020%201971.pdf
"Vol. 6, No. 11, April 10, 1971", https://www.marxists.org/history/usa/pubs/black-panther/06%20no%209%201-24%20mar%2027%201971.pdf, ./periodicals/black-panther/bpp-covers/06%20no%209%201-24%20mar%2027%201971_cover.pdf, ./periodicals/black-panther/bpp-issues/06%20no%209%201-24%20mar%2027%201971.pdf
"Vol. 6, No. 12, April 17, 1971", https://www.marxists.org/history/usa/pubs/black-panther/06%20no%2011%201-20%20apr%2010%201971.pdf, ./periodicals/black-panther/bpp-covers/06%20no%2011%201-20%20apr%2010%201971_cover.pdf, ./periodicals/black-panther/bpp-issues/06%20no%2011%201-20%20apr%2010%201971.pdf
"Vol. 6, No. 13, May 1, 1971", https://www.marxists.org/history/usa/pubs/black-panther/06%20no%2012%201-24%20apr%2017%201971.pdf, ./periodicals/black-panther/bpp-covers/06%20no%2012%201-24%20apr%2017%201971_cover.pdf, ./periodicals/black-panther/bpp-issues/06%20no%2012%201-24%20apr%2017%201971.pdf
"Vol. 6, No. 15, May 8, 1971", https://www.marxists.org/history/usa/pubs/black-panther/06%20no%2013-14%201-20%20may%201%201971.pdf, ./periodicals/black-panther/bpp-covers/06%20no%2013-14%201-20%20may%201%201971_cover.pdf, ./periodicals/black-panther/bpp-issues/06%20no%2013-14%201-20%20may%201%201971.pdf
"Vol. 6, No. 16, May 15, 1971", https://www.marxists.org/history/usa/pubs/black-panther/06%20no%2015%201-20%20may%208%201971.pdf, ./periodicals/black-panther/bpp-covers/06%20no%2015%201-20%20may%208%201971_cover.pdf, ./periodicals/black-panther/bpp-issues/06%20no%2015%201-20%20may%208%201971.pdf
"Vol. 6, No. 17, May 22, 1971", https://www.marxists.org/history/usa/pubs/black-panther/06%20no%2016%201-20%20may%2015%201971.pdf, ./periodicals/black-panther/bpp-covers/06%20no%2016%201-20%20may%2015%201971_cover.pdf, ./periodicals/black-panther/bpp-issues/06%20no%2016%201-20%20may%2015%201971.pdf
"Vol. 6, No. 18, May 29, 1971", https://www.marxists.org/history/usa/pubs/black-panther/06%20no%2017%201-20%20may%2022%201971.pdf, ./periodicals/black-panther/bpp-covers/06%20no%2017%201-20%20may%2022%201971_cover.pdf, ./periodicals/black-panther/bpp-issues/06%20no%2017%201-20%20may%2022%201971.pdf
"Vol. 6, No. 20, June 12, 1971", https://www.marxists.org/history/usa/pubs/black-panther/06%20no%2018%201-20%20may%2029%201971.pdf, ./periodicals/black-panther/bpp-covers/06%20no%2018%201-20%20may%2029%201971_cover.pdf, ./periodicals/black-panther/bpp-issues/06%20no%2018%201-20%20may%2029%201971.pdf
"Vol. 6, No. 21, June 19, 1971", https://www.marxists.org/history/usa/pubs/black-panther/06%20no%2020%201-20%20jun%2012%201971.pdf, ./periodicals/black-panther/bpp-covers/06%20no%2020%201-20%20jun%2012%201971_cover.pdf, ./periodicals/black-panther/bpp-issues/06%20no%2020%201-20%20jun%2012%201971.pdf
"Vol. 6, No. 22, June 26, 1971", https://www.marxists.org/history/usa/pubs/black-panther/06%20no%2021%201-20%20jun%2019%201971.pdf, ./periodicals/black-panther/bpp-covers/06%20no%2021%201-20%20jun%2019%201971_cover.pdf, ./periodicals/black-panther/bpp-issues/06%20no%2021%201-20%20jun%2019%201971.pdf
"Vol. 6, No. 23, July , 1971", https://www.marxists.org/history/usa/pubs/black-panther/06%20no%2022%201-20%20jun%2026%201971.pdf, ./periodicals/black-panther/bpp-covers/06%20no%2022%201-20%20jun%2026%201971_cover.pdf, ./periodicals/black-panther/bpp-issues/06%20no%2022%201-20%20jun%2026%201971.pdf
"Vol. 6, No. 24, July 10, 1971", https://www.marxists.org/history/usa/pubs/black-panther/06%20no%2023%201-20%20jul%203%201971.pdf, ./periodicals/black-panther/bpp-covers/06%20no%2023%201-20%20jul%203%201971_cover.pdf, ./periodicals/black-panther/bpp-issues/06%20no%2023%201-20%20jul%203%201971.pdf
"Vol. 6, No. 25, July 19, 1971", https://www.marxists.org/history/usa/pubs/black-panther/06%20no%2024%201-20%20jul%2010%201971.pdf, ./periodicals/black-panther/bpp-covers/06%20no%2024%201-20%20jul%2010%201971_cover.pdf, ./periodicals/black-panther/bpp-issues/06%20no%2024%201-20%20jul%2010%201971.pdf
"Vol. 6, No. 26, July 24, 1971", https://www.marxists.org/history/usa/pubs/black-panther/06%20no%2025%201-20%20jul%2019%201971.pdf, ./periodicals/black-panther/bpp-covers/06%20no%2025%201-20%20jul%2019%201971_cover.pdf, ./periodicals/black-panther/bpp-issues/06%20no%2025%201-20%20jul%2019%201971.pdf
"Vol. 6, No. 27, August 2, 1971", https://www.marxists.org/history/usa/pubs/black-panther/06%20no%2026%201-20%20jul%2024%201971.pdf, ./periodicals/black-panther/bpp-covers/06%20no%2026%201-20%20jul%2024%201971_cover.pdf, ./periodicals/black-panther/bpp-issues/06%20no%2026%201-20%20jul%2024%201971.pdf
"Vol. 6, No. 28, August 9, 1971", https://www.marxists.org/history/usa/pubs/black-panther/06%20no%2027%201-20%20aug%202%201971.pdf, ./periodicals/black-panther/bpp-covers/06%20no%2027%201-20%20aug%202%201971_cover.pdf, ./periodicals/black-panther/bpp-issues/06%20no%2027%201-20%20aug%202%201971.pdf
"Vol. 6, No. 29, August 14, 1971", https://www.marxists.org/history/usa/pubs/black-panther/06%20no%2028%201-20%20aug%209%201971.pdf, ./periodicals/black-panther/bpp-covers/06%20no%2028%201-20%20aug%209%201971_cover.pdf, ./periodicals/black-panther/bpp-issues/06%20no%2028%201-20%20aug%209%201971.pdf
"Vol. 6, No. 30, August 21, 1971", https://www.marxists.org/history/usa/pubs/black-panther/06%20no%2029%201-20%20aug%2014%201971.pdf, ./periodicals/black-panther/bpp-covers/06%20no%2029%201-20%20aug%2014%201971_cover.pdf, ./periodicals/black-panther/bpp-issues/06%20no%2029%201-20%20aug%2014%201971.pdf
"Vol. 7, No. 1, August 28, 1971", https://www.marxists.org/history/usa/pubs/black-panther/06%20no%2030%201-20%20aug%2021%201971.pdf, ./periodicals/black-panther/bpp-covers/06%20no%2030%201-20%20aug%2021%201971_cover.pdf, ./periodicals/black-panther/bpp-issues/06%20no%2030%201-20%20aug%2021%201971.pdf
"Vol. 7, No. 2, September 4, 1971", https://www.marxists.org/history/usa/pubs/black-panther/07%20no%201%201-10%20aug%2028%201971.pdf, ./periodicals/black-panther/bpp-covers/07%20no%201%201-10%20aug%2028%201971_cover.pdf, ./periodicals/black-panther/bpp-issues/07%20no%201%201-10%20aug%2028%201971.pdf
"Vol. 7, No. 3, September 11, 1971", https://www.marxists.org/history/usa/pubs/black-panther/07%20no%202%201-20%20sep%204%201971.pdf, ./periodicals/black-panther/bpp-covers/07%20no%202%201-20%20sep%204%201971_cover.pdf, ./periodicals/black-panther/bpp-issues/07%20no%202%201-20%20sep%204%201971.pdf
"Vol. 7, No. 4, September 18, 1971", https://www.marxists.org/history/usa/pubs/black-panther/07%20no%203%201-20%20sep%2011%201971.pdf, ./periodicals/black-panther/bpp-covers/07%20no%203%201-20%20sep%2011%201971_cover.pdf, ./periodicals/black-panther/bpp-issues/07%20no%203%201-20%20sep%2011%201971.pdf
"Vol. 7, No. 5, September 25, 1971", https://www.marxists.org/history/usa/pubs/black-panther/07%20no%204%201-20%20sep%2018%201971.pdf, ./periodicals/black-panther/bpp-covers/07%20no%204%201-20%20sep%2018%201971_cover.pdf, ./periodicals/black-panther/bpp-issues/07%20no%204%201-20%20sep%2018%201971.pdf
"Vol. 7, No. 5, October 4, 1971", https://www.marxists.org/history/usa/pubs/black-panther/07%20no%205%201-20%20sep%2025%201971.pdf, ./periodicals/black-panther/bpp-covers/07%20no%205%201-20%20sep%2025%201971_cover.pdf, ./periodicals/black-panther/bpp-issues/07%20no%205%201-20%20sep%2025%201971.pdf
"Vol. 7, No. 6, October 9, 1971", https://www.marxists.org/history/usa/pubs/black-panther/07%20no%205%201-20%20oct%204%201971.pdf, ./periodicals/black-panther/bpp-covers/07%20no%205%201-20%20oct%204%201971_cover.pdf, ./periodicals/black-panther/bpp-issues/07%20no%205%201-20%20oct%204%201971.pdf
"Vol. 7, No. 8, October 16, 1971", https://www.marxists.org/history/usa/pubs/black-panther/07%20no%206%201-16%20oct%209%201971.pdf, ./periodicals/black-panther/bpp-covers/07%20no%206%201-16%20oct%209%201971_cover.pdf, ./periodicals/black-panther/bpp-issues/07%20no%206%201-16%20oct%209%201971.pdf
"Vol. 7, No. 9, October 23, 1971", https://www.marxists.org/history/usa/pubs/black-panther/07%20no%208%201-24%20oct%2016%201971.pdf, ./periodicals/black-panther/bpp-covers/07%20no%208%201-24%20oct%2016%201971_cover.pdf, ./periodicals/black-panther/bpp-issues/07%20no%208%201-24%20oct%2016%201971.pdf
"Vol. 7, No. 10, October 30, 1971", https://www.marxists.org/history/usa/pubs/black-panther/07%20no%209%201-24%20oct%2023%201971.pdf, ./periodicals/black-panther/bpp-covers/07%20no%209%201-24%20oct%2023%201971_cover.pdf, ./periodicals/black-panther/bpp-issues/07%20no%209%201-24%20oct%2023%201971.pdf
"Vol. 7, No. 11, November 6, 1971", https://www.marxists.org/history/usa/pubs/black-panther/07%20no%2010%201-24%20oct%2030%201971.pdf, ./periodicals/black-panther/bpp-covers/07%20no%2010%201-24%20oct%2030%201971_cover.pdf, ./periodicals/black-panther/bpp-issues/07%20no%2010%201-24%20oct%2030%201971.pdf
"Vol. 7, No. 12, November 13, 1971", https://www.marxists.org/history/usa/pubs/black-panther/07%20no%2011%201-20%20nov%206%201971.pdf, ./periodicals/black-panther/bpp-covers/07%20no%2011%201-20%20nov%206%201971_cover.pdf, ./periodicals/black-panther/bpp-issues/07%20no%2011%201-20%20nov%206%201971.pdf
"Vol. 7, No. 13, November 20, 1971", https://www.marxists.org/history/usa/pubs/black-panther/07%20no%2012%201-20%20nov%2013%201971.pdf, ./periodicals/black-panther/bpp-covers/07%20no%2012%201-20%20nov%2013%201971_cover.pdf, ./periodicals/black-panther/bpp-issues/07%20no%2012%201-20%20nov%2013%201971.pdf
"Vol. 7, No. 14, November 29, 1971", https://www.marxists.org/history/usa/pubs/black-panther/07%20no%2013%201-20%20nov%2020%201971.pdf, ./periodicals/black-panther/bpp-covers/07%20no%2013%201-20%20nov%2020%201971_cover.pdf, ./periodicals/black-panther/bpp-issues/07%20no%2013%201-20%20nov%2020%201971.pdf
"Vol. 7, No. 15, December 4, 1971", https://www.marxists.org/history/usa/pubs/black-panther/07%20no%2014%201-24%20nov%2029%201971.pdf, ./periodicals/black-panther/bpp-covers/07%20no%2014%201-24%20nov%2029%201971_cover.pdf, ./periodicals/black-panther/bpp-issues/07%20no%2014%201-24%20nov%2029%201971.pdf
"Vol. 7, No. 16, December 11, 1971", https://www.marxists.org/history/usa/pubs/black-panther/07%20no%2015%201-20%20dec%204%201971.pdf, ./periodicals/black-panther/bpp-covers/07%20no%2015%201-20%20dec%204%201971_cover.pdf, ./periodicals/black-panther/bpp-issues/07%20no%2015%201-20%20dec%204%201971.pdf
"Vol. 7, No. 17, December 18, 1971", https://www.marxists.org/history/usa/pubs/black-panther/07%20no%2016%201-20%20dec%2011%201971.pdf, ./periodicals/black-panther/bpp-covers/07%20no%2016%201-20%20dec%2011%201971_cover.pdf, ./periodicals/black-panther/bpp-issues/07%20no%2016%201-20%20dec%2011%201971.pdf
"Vol. 7, No. 18, December 25, 1971", https://www.marxists.org/history/usa/pubs/black-panther/07%20no%2017%201-20%20dec%2018%201971.pdf, ./periodicals/black-panther/bpp-covers/07%20no%2017%201-20%20dec%2018%201971_cover.pdf, ./periodicals/black-panther/bpp-issues/07%20no%2017%201-20%20dec%2018%201971.pdf
"Vol. 7, No. 19, January 1, 1971", https://www.marxists.org/history/usa/pubs/black-panther/07%20no%2018%201-20%20dec%2025%201971.pdf, ./periodicals/black-panther/bpp-covers/07%20no%2018%201-20%20dec%2025%201971_cover.pdf, ./periodicals/black-panther/bpp-issues/07%20no%2018%201-20%20dec%2025%201971.pdf
"Vol. 7, No. 20, January 8, 1971", https://www.marxists.org/history/usa/pubs/black-panther/07%20no%2019%201-20%20jan%201%201972.pdf, ./periodicals/black-panther/bpp-covers/07%20no%2019%201-20%20jan%201%201972_cover.pdf, ./periodicals/black-panther/bpp-issues/07%20no%2019%201-20%20jan%201%201972.pdf
"Vol. 7, No. 22, January 22, 1971", https://www.marxists.org/history/usa/pubs/black-panther/07%20no%2020%201-12%20jan%208%201972.pdf, ./periodicals/black-panther/bpp-covers/07%20no%2020%201-12%20jan%208%201972_cover.pdf, ./periodicals/black-panther/bpp-issues/07%20no%2020%201-12%20jan%208%201972.pdf
"Vol. 7, No. 23, January 29, 1971", https://www.marxists.org/history/usa/pubs/black-panther/07%20no%2022%201-8%20jan%2022%201972.pdf, ./periodicals/black-panther/bpp-covers/07%20no%2022%201-8%20jan%2022%201972_cover.pdf, ./periodicals/black-panther/bpp-issues/07%20no%2022%201-8%20jan%2022%201972.pdf
"Vol. 7, No. 24, February 5, 1971", https://www.marxists.org/history/usa/pubs/black-panther/07%20no%2023%201-16%20jan%2029%201972.pdf, ./periodicals/black-panther/bpp-covers/07%20no%2023%201-16%20jan%2029%201972_cover.pdf, ./periodicals/black-panther/bpp-issues/07%20no%2023%201-16%20jan%2029%201972.pdf
"Vol. 7, No. 25, February 12, 1971", https://www.marxists.org/history/usa/pubs/black-panther/07%20no%2024%201-20%20feb%205%201972.pdf, ./periodicals/black-panther/bpp-covers/07%20no%2024%201-20%20feb%205%201972_cover.pdf, ./periodicals/black-panther/bpp-issues/07%20no%2024%201-20%20feb%205%201972.pdf
"Vol. 7, No. 26, February 19, 1971", https://www.marxists.org/history/usa/pubs/black-panther/07%20no%2025%201-20%20feb%2012%201972.pdf, ./periodicals/black-panther/bpp-covers/07%20no%2025%201-20%20feb%2012%201972_cover.pdf, ./periodicals/black-panther/bpp-issues/07%20no%2025%201-20%20feb%2012%201972.pdf
"Vol. 7, No. 27, February 26, 1971", https://www.marxists.org/history/usa/pubs/black-panther/07%20no%2026%201-10%20feb%2019%201972.pdf, ./periodicals/black-panther/bpp-covers/07%20no%2026%201-10%20feb%2019%201972_cover.pdf, ./periodicals/black-panther/bpp-issues/07%20no%2026%201-10%20feb%2019%201972.pdf
"Vol. 7, No. 28, March 4, 1971", https://www.marxists.org/history/usa/pubs/black-panther/07%20no%2027%201-20%20feb%2026%201972.pdf, ./periodicals/black-panther/bpp-covers/07%20no%2027%201-20%20feb%2026%201972_cover.pdf, ./periodicals/black-panther/bpp-issues/07%20no%2027%201-20%20feb%2026%201972.pdf
"Vol. 7, No. 29, March 11, 1971", https://www.marxists.org/history/usa/pubs/black-panther/07%20no%2028%201-8%20mar%204%201972.pdf, ./periodicals/black-panther/bpp-covers/07%20no%2028%201-8%20mar%204%201972_cover.pdf, ./periodicals/black-panther/bpp-issues/07%20no%2028%201-8%20mar%204%201972.pdf
"Vol. 7, No. 30, March 18, 1971", https://www.marxists.org/history/usa/pubs/black-panther/07%20no%2029%201-12%20mar%2011%201972.pdf, ./periodicals/black-panther/bpp-covers/07%20no%2029%201-12%20mar%2011%201972_cover.pdf, ./periodicals/black-panther/bpp-issues/07%20no%2029%201-12%20mar%2011%201972.pdf
"Vol. 8, No. 1, March 25, 1972", https://www.marxists.org/history/usa/pubs/black-panther/07%20no%2030%201-20%20mar%2018%201972.pdf, ./periodicals/black-panther/bpp-covers/07%20no%2030%201-20%20mar%2018%201972_cover.pdf, ./periodicals/black-panther/bpp-issues/07%20no%2030%201-20%20mar%2018%201972.pdf
"Vol. 8, No. 2, April 1, 1972", https://www.marxists.org/history/usa/pubs/black-panther/08%20no%201%201-12%20mar%2025%201972.pdf, ./periodicals/black-panther/bpp-covers/08%20no%201%201-12%20mar%2025%201972_cover.pdf, ./periodicals/black-panther/bpp-issues/08%20no%201%201-12%20mar%2025%201972.pdf
"Vol. 8, No. 3, April 8, 1972", https://www.marxists.org/history/usa/pubs/black-panther/08%20no%202%201-28%20apr%201%201972.pdf, ./periodicals/black-panther/bpp-covers/08%20no%202%201-28%20apr%201%201972_cover.pdf, ./periodicals/black-panther/bpp-issues/08%20no%202%201-28%20apr%201%201972.pdf
"Vol. 8, No. 4, April 15, 1972", https://www.marxists.org/history/usa/pubs/black-panther/08%20no%203%201-12%20apr%208%201972.pdf, ./periodicals/black-panther/bpp-covers/08%20no%203%201-12%20apr%208%201972_cover.pdf, ./periodicals/black-panther/bpp-issues/08%20no%203%201-12%20apr%208%201972.pdf
"Vol. 8, No. 5, April 22, 1972", https://www.marxists.org/history/usa/pubs/black-panther/08%20no%204%201-20%20apr%2015%201972.pdf, ./periodicals/black-panther/bpp-covers/08%20no%204%201-20%20apr%2015%201972_cover.pdf, ./periodicals/black-panther/bpp-issues/08%20no%204%201-20%20apr%2015%201972.pdf
"Vol. 8, No. 6, April 29, 1972", https://www.marxists.org/history/usa/pubs/black-panther/08%20no%205%201-20%20apr%2022%201972.pdf, ./periodicals/black-panther/bpp-covers/08%20no%205%201-20%20apr%2022%201972_cover.pdf, ./periodicals/black-panther/bpp-issues/08%20no%205%201-20%20apr%2022%201972.pdf
"Vol. 8, No. 7, May 6, 1972", https://www.marxists.org/history/usa/pubs/black-panther/08%20no%206%201-20%20apr%2029%201972.pdf, ./periodicals/black-panther/bpp-covers/08%20no%206%201-20%20apr%2029%201972_cover.pdf, ./periodicals/black-panther/bpp-issues/08%20no%206%201-20%20apr%2029%201972.pdf
"Vol. 8, No. 8, May 13, 1972", https://www.marxists.org/history/usa/pubs/black-panther/08%20no%207%201-20%20may%206%201972.pdf, ./periodicals/black-panther/bpp-covers/08%20no%207%201-20%20may%206%201972_cover.pdf, ./periodicals/black-panther/bpp-issues/08%20no%207%201-20%20may%206%201972.pdf
"Vol. 8, No. 9, May 20, 1972", https://www.marxists.org/history/usa/pubs/black-panther/08%20no%208%201-16%20may%2013%201972.pdf, ./periodicals/black-panther/bpp-covers/08%20no%208%201-16%20may%2013%201972_cover.pdf, ./periodicals/black-panther/bpp-issues/08%20no%208%201-16%20may%2013%201972.pdf
"Vol. 8, No. 10, May 27, 1972", https://www.marxists.org/history/usa/pubs/black-panther/08%20no%209%201-7%20may%2020%201972.pdf, ./periodicals/black-panther/bpp-covers/08%20no%209%201-7%20may%2020%201972_cover.pdf, ./periodicals/black-panther/bpp-issues/08%20no%209%201-7%20may%2020%201972.pdf
"Vol. 8, No. 11, June 3, 1972", https://www.marxists.org/history/usa/pubs/black-panther/08%20no%2010%201-20%20may%2027%201972.pdf, ./periodicals/black-panther/bpp-covers/08%20no%2010%201-20%20may%2027%201972_cover.pdf, ./periodicals/black-panther/bpp-issues/08%20no%2010%201-20%20may%2027%201972.pdf
"Vol. 8, No. 12, June 10, 1972", https://www.marxists.org/history/usa/pubs/black-panther/08%20no%2011%201-20%20jun%203%201972.pdf, ./periodicals/black-panther/bpp-covers/08%20no%2011%201-20%20jun%203%201972_cover.pdf, ./periodicals/black-panther/bpp-issues/08%20no%2011%201-20%20jun%203%201972.pdf
"Vol. 8, No. 13, June 17, 1972", https://www.marxists.org/history/usa/pubs/black-panther/08%20no%2012%201-16%20jun%2010%201972.pdf, ./periodicals/black-panther/bpp-covers/08%20no%2012%201-16%20jun%2010%201972_cover.pdf, ./periodicals/black-panther/bpp-issues/08%20no%2012%201-16%20jun%2010%201972.pdf
"Vol. 8, No. 14, June 24, 1972", https://www.marxists.org/history/usa/pubs/black-panther/08%20no%2013%201-20%20jun%2017%201972.pdf, ./periodicals/black-panther/bpp-covers/08%20no%2013%201-20%20jun%2017%201972_cover.pdf, ./periodicals/black-panther/bpp-issues/08%20no%2013%201-20%20jun%2017%201972.pdf
"Vol. 8, No. 15, July 1, 1972", https://www.marxists.org/history/usa/pubs/black-panther/08%20no%2014%201-20%20jun%2024%201972.pdf, ./periodicals/black-panther/bpp-covers/08%20no%2014%201-20%20jun%2024%201972_cover.pdf, ./periodicals/black-panther/bpp-issues/08%20no%2014%201-20%20jun%2024%201972.pdf
"Vol. 8, No. 16, July 8, 1972", https://www.marxists.org/history/usa/pubs/black-panther/08%20no%2015%201-20%20jul%201%201972.pdf, ./periodicals/black-panther/bpp-covers/08%20no%2015%201-20%20jul%201%201972_cover.pdf, ./periodicals/black-panther/bpp-issues/08%20no%2015%201-20%20jul%201%201972.pdf
"Vol. 8, No. 17, July 15, 1972", https://www.marxists.org/history/usa/pubs/black-panther/08%20no%2016%201-15%20jul%208%201972.pdf, ./periodicals/black-panther/bpp-covers/08%20no%2016%201-15%20jul%208%201972_cover.pdf, ./periodicals/black-panther/bpp-issues/08%20no%2016%201-15%20jul%208%201972.pdf
"Vol. 8, No. 18, July 22, 1972", https://www.marxists.org/history/usa/pubs/black-panther/08%20no%2017%201-20%20jul%2015%201972.pdf, ./periodicals/black-panther/bpp-covers/08%20no%2017%201-20%20jul%2015%201972_cover.pdf, ./periodicals/black-panther/bpp-issues/08%20no%2017%201-20%20jul%2015%201972.pdf
"Vol. 8, No. 19, July 29, 1972", https://www.marxists.org/history/usa/pubs/black-panther/08%20no%2018%201-20%20jul%2022%201972.pdf, ./periodicals/black-panther/bpp-covers/08%20no%2018%201-20%20jul%2022%201972_cover.pdf, ./periodicals/black-panther/bpp-issues/08%20no%2018%201-20%20jul%2022%201972.pdf
"Vol. 8, No. 20, August 5, 1972", https://www.marxists.org/history/usa/pubs/black-panther/08%20no%2019%201-16%20jul%2029%201972.pdf, ./periodicals/black-panther/bpp-covers/08%20no%2019%201-16%20jul%2029%201972_cover.pdf, ./periodicals/black-panther/bpp-issues/08%20no%2019%201-16%20jul%2029%201972.pdf
"Vol. 8, No. 21, August 12, 1972", https://www.marxists.org/history/usa/pubs/black-panther/08%20no%2020%201-16%20aug%205%201972.pdf, ./periodicals/black-panther/bpp-covers/08%20no%2020%201-16%20aug%205%201972_cover.pdf, ./periodicals/black-panther/bpp-issues/08%20no%2020%201-16%20aug%205%201972.pdf
"Vol. 8, No. 22, August 19, 1972", https://www.marxists.org/history/usa/pubs/black-panther/08%20no%2021%201-11%20aug%2012%201972.pdf, ./periodicals/black-panther/bpp-covers/08%20no%2021%201-11%20aug%2012%201972_cover.pdf, ./periodicals/black-panther/bpp-issues/08%20no%2021%201-11%20aug%2012%201972.pdf
"Vol. 8, No. 23, August 23, 1972", https://www.marxists.org/history/usa/pubs/black-panther/08%20no%2022%201-20%20aug%2019%201972.pdf, ./periodicals/black-panther/bpp-covers/08%20no%2022%201-20%20aug%2019%201972_cover.pdf, ./periodicals/black-panther/bpp-issues/08%20no%2022%201-20%20aug%2019%201972.pdf
"Vol. 8, No. 24, September 2, 1972", https://www.marxists.org/history/usa/pubs/black-panther/08%20no%2023%201-14%20aug%2023%201972.pdf, ./periodicals/black-panther/bpp-covers/08%20no%2023%201-14%20aug%2023%201972_cover.pdf, ./periodicals/black-panther/bpp-issues/08%20no%2023%201-14%20aug%2023%201972.pdf
"Vol. 8, No. 25, September 9, 1972", https://www.marxists.org/history/usa/pubs/black-panther/08%20no%2024%201-16%20sep%202%201972.pdf, ./periodicals/black-panther/bpp-covers/08%20no%2024%201-16%20sep%202%201972_cover.pdf, ./periodicals/black-panther/bpp-issues/08%20no%2024%201-16%20sep%202%201972.pdf
"Vol. 8, No. 26, September 16, 1972", https://www.marxists.org/history/usa/pubs/black-panther/08%20no%2025%201-16%20sep%209%201972.pdf, ./periodicals/black-panther/bpp-covers/08%20no%2025%201-16%20sep%209%201972_cover.pdf, ./periodicals/black-panther/bpp-issues/08%20no%2025%201-16%20sep%209%201972.pdf
"Vol. 8, No. 27, September 23, 1972", https://www.marxists.org/history/usa/pubs/black-panther/08%20no%2026%201-12%20sep%2016%201972.pdf, ./periodicals/black-panther/bpp-covers/08%20no%2026%201-12%20sep%2016%201972_cover.pdf, ./periodicals/black-panther/bpp-issues/08%20no%2026%201-12%20sep%2016%201972.pdf
"Vol. 8, No. 28, September 30, 1972", https://www.marxists.org/history/usa/pubs/black-panther/08%20no%2027%201-16%20sep%2023%201972.pdf, ./periodicals/black-panther/bpp-covers/08%20no%2027%201-16%20sep%2023%201972_cover.pdf, ./periodicals/black-panther/bpp-issues/08%20no%2027%201-16%20sep%2023%201972.pdf
"Vol. 8, No. 29, October 7, 1972", https://www.marxists.org/history/usa/pubs/black-panther/08%20no%2028%201-16%20sep%2030%201972.pdf, ./periodicals/black-panther/bpp-covers/08%20no%2028%201-16%20sep%2030%201972_cover.pdf, ./periodicals/black-panther/bpp-issues/08%20no%2028%201-16%20sep%2030%201972.pdf
"Vol. 8, No. 30, October 14, 1972", https://www.marxists.org/history/usa/pubs/black-panther/08%20no%2029%201-16%20oct%207%201972.pdf, ./periodicals/black-panther/bpp-covers/08%20no%2029%201-16%20oct%207%201972_cover.pdf, ./periodicals/black-panther/bpp-issues/08%20no%2029%201-16%20oct%207%201972.pdf
"Vol. 9, No. 1,October 21, 1972", https://www.marxists.org/history/usa/pubs/black-panther/08%20no%2030%201-16%20oct%2014%201972.pdf, ./periodicals/black-panther/bpp-covers/08%20no%2030%201-16%20oct%2014%201972_cover.pdf, ./periodicals/black-panther/bpp-issues/08%20no%2030%201-16%20oct%2014%201972.pdf
"Vol. 9, No. 2, October 28, 1972", https://www.marxists.org/history/usa/pubs/black-panther/09%20no%201%201-14%20oct%2021%201972.pdf, ./periodicals/black-panther/bpp-covers/09%20no%201%201-14%20oct%2021%201972_cover.pdf, ./periodicals/black-panther/bpp-issues/09%20no%201%201-14%20oct%2021%201972.pdf
"Vol. 9, No. 3, November 4, 1972", https://www.marxists.org/history/usa/pubs/black-panther/09%20no%202%201-20%20oct%2028%201972.pdf, ./periodicals/black-panther/bpp-covers/09%20no%202%201-20%20oct%2028%201972_cover.pdf, ./periodicals/black-panther/bpp-issues/09%20no%202%201-20%20oct%2028%201972.pdf
"Vol. 9, No. 4, November 9, 1972", https://www.marxists.org/history/usa/pubs/black-panther/09%20no%203%201-16%20nov%204%201972.pdf, ./periodicals/black-panther/bpp-covers/09%20no%203%201-16%20nov%204%201972_cover.pdf, ./periodicals/black-panther/bpp-issues/09%20no%203%201-16%20nov%204%201972.pdf
"Vol. 9, No. 5, November 16, 1972", https://www.marxists.org/history/usa/pubs/black-panther/09%20no%204%201-15%20nov%209%201972.pdf, ./periodicals/black-panther/bpp-covers/09%20no%204%201-15%20nov%209%201972_cover.pdf, ./periodicals/black-panther/bpp-issues/09%20no%204%201-15%20nov%209%201972.pdf
"Vol. 9, No. 6, November 23, 1972", https://www.marxists.org/history/usa/pubs/black-panther/09%20no%205%201-16%20nov%2016%201972.pdf, ./periodicals/black-panther/bpp-covers/09%20no%205%201-16%20nov%2016%201972_cover.pdf, ./periodicals/black-panther/bpp-issues/09%20no%205%201-16%20nov%2016%201972.pdf
"Vol. 9, No. 7, November 30, 1972", https://www.marxists.org/history/usa/pubs/black-panther/09%20no%206%201-12%20nov%2023%201972.pdf, ./periodicals/black-panther/bpp-covers/09%20no%206%201-12%20nov%2023%201972_cover.pdf, ./periodicals/black-panther/bpp-issues/09%20no%206%201-12%20nov%2023%201972.pdf
"Vol. 9, No. 8, December 7, 1972", https://www.marxists.org/history/usa/pubs/black-panther/09%20no%207%201-24%20nov%2030%201972.pdf, ./periodicals/black-panther/bpp-covers/09%20no%207%201-24%20nov%2030%201972_cover.pdf, ./periodicals/black-panther/bpp-issues/09%20no%207%201-24%20nov%2030%201972.pdf
"Vol. 9, No. 9, December 16, 1972", https://www.marxists.org/history/usa/pubs/black-panther/09%20no%208%201-10%20dec%207%201972.pdf, ./periodicals/black-panther/bpp-covers/09%20no%208%201-10%20dec%207%201972_cover.pdf, ./periodicals/black-panther/bpp-issues/09%20no%208%201-10%20dec%207%201972.pdf
"Vol. 9, No. 10, December 23, 1972", https://www.marxists.org/history/usa/pubs/black-panther/09%20no%209%201-16%20dec%2016%201972.pdf, ./periodicals/black-panther/bpp-covers/09%20no%209%201-16%20dec%2016%201972_cover.pdf, ./periodicals/black-panther/bpp-issues/09%20no%209%201-16%20dec%2016%201972.pdf
"Vol. 9, No. 11, December 30, 1972", https://www.marxists.org/history/usa/pubs/black-panther/09%20no%2010%201-13%20dec%2023%201972.pdf, ./periodicals/black-panther/bpp-covers/09%20no%2010%201-13%20dec%2023%201972_cover.pdf, ./periodicals/black-panther/bpp-issues/09%20no%2010%201-13%20dec%2023%201972.pdf
"Vol. 10, No. 1, May 19, 1973", https://www.marxists.org/history/usa/pubs/black-panther/09%20no%2011%201-16%20dec%2030%201972.pdf, ./periodicals/black-panther/bpp-covers/09%20no%2011%201-16%20dec%2030%201972_cover.pdf, ./periodicals/black-panther/bpp-issues/09%20no%2011%201-16%20dec%2030%201972.pdf
"Vol. 10, No. 2, May 26, 1973", https://www.marxists.org/history/usa/pubs/black-panther/10%20no%201%201-16%20may%2019%201973.pdf, ./periodicals/black-panther/bpp-covers/10%20no%201%201-16%20may%2019%201973_cover.pdf, ./periodicals/black-panther/bpp-issues/10%20no%201%201-16%20may%2019%201973.pdf
"Vol. 10, No. 3, June 2, 1973", https://www.marxists.org/history/usa/pubs/black-panther/10%20no%202%201-17%20may%2026%201973.pdf, ./periodicals/black-panther/bpp-covers/10%20no%202%201-17%20may%2026%201973_cover.pdf, ./periodicals/black-panther/bpp-issues/10%20no%202%201-17%20may%2026%201973.pdf
"Vol. 10, No. 4, June 9, 1973", https://www.marxists.org/history/usa/pubs/black-panther/10%20no%203%201-16%20jun%202%201973.pdf, ./periodicals/black-panther/bpp-covers/10%20no%203%201-16%20jun%202%201973_cover.pdf, ./periodicals/black-panther/bpp-issues/10%20no%203%201-16%20jun%202%201973.pdf
"Vol. 10, No. 5, June 16, 1973", https://www.marxists.org/history/usa/pubs/black-panther/10%20no%204%201-17%20jun%209%201973.pdf, ./periodicals/black-panther/bpp-covers/10%20no%204%201-17%20jun%209%201973_cover.pdf, ./periodicals/black-panther/bpp-issues/10%20no%204%201-17%20jun%209%201973.pdf
"Vol. 10, No. 6, June 23, 1973", https://www.marxists.org/history/usa/pubs/black-panther/10%20no%205%201-17%20jun%2016%201973.pdf, ./periodicals/black-panther/bpp-covers/10%20no%205%201-17%20jun%2016%201973_cover.pdf, ./periodicals/black-panther/bpp-issues/10%20no%205%201-17%20jun%2016%201973.pdf
"Vol. 10, No. 7, June 30, 1973", https://www.marxists.org/history/usa/pubs/black-panther/10%20no%206%201-20%20jun%2023%201973.pdf, ./periodicals/black-panther/bpp-covers/10%20no%206%201-20%20jun%2023%201973_cover.pdf, ./periodicals/black-panther/bpp-issues/10%20no%206%201-20%20jun%2023%201973.pdf
"Vol. 10, No. 8, July 7, 1973", https://www.marxists.org/history/usa/pubs/black-panther/10%20no%207%201-17%20jun%2030%201973.pdf, ./periodicals/black-panther/bpp-covers/10%20no%207%201-17%20jun%2030%201973_cover.pdf, ./periodicals/black-panther/bpp-issues/10%20no%207%201-17%20jun%2030%201973.pdf
"Vol. 10, No. 9, July 14, 1973", https://www.marxists.org/history/usa/pubs/black-panther/10%20no%208%201-20%20jul%207%201973.pdf, ./periodicals/black-panther/bpp-covers/10%20no%208%201-20%20jul%207%201973_cover.pdf, ./periodicals/black-panther/bpp-issues/10%20no%208%201-20%20jul%207%201973.pdf
"Vol. 10, No. 10, July 21, 1973", https://www.marxists.org/history/usa/pubs/black-panther/10%20no%209%201-20%20jul%2014%201973.pdf, ./periodicals/black-panther/bpp-covers/10%20no%209%201-20%20jul%2014%201973_cover.pdf, ./periodicals/black-panther/bpp-issues/10%20no%209%201-20%20jul%2014%201973.pdf
"Vol. 10, No. 11, July 28, 1973", https://www.marxists.org/history/usa/pubs/black-panther/10%20no%2010%201-17%20jul%2021%201973.pdf, ./periodicals/black-panther/bpp-covers/10%20no%2010%201-17%20jul%2021%201973_cover.pdf, ./periodicals/black-panther/bpp-issues/10%20no%2010%201-17%20jul%2021%201973.pdf
"Vol. 10, No. 12, August 4, 1973", https://www.marxists.org/history/usa/pubs/black-panther/10%20no%2011%201-20%20jul%2028%201973.pdf, ./periodicals/black-panther/bpp-covers/10%20no%2011%201-20%20jul%2028%201973_cover.pdf, ./periodicals/black-panther/bpp-issues/10%20no%2011%201-20%20jul%2028%201973.pdf
"Vol. 10, No. 13, August 11, 1973", https://www.marxists.org/history/usa/pubs/black-panther/10%20no%2012%201-20%20aug%204%201973.pdf, ./periodicals/black-panther/bpp-covers/10%20no%2012%201-20%20aug%204%201973_cover.pdf, ./periodicals/black-panther/bpp-issues/10%20no%2012%201-20%20aug%204%201973.pdf
"Vol. 10, No. 14, August 18, 1973", https://www.marxists.org/history/usa/pubs/black-panther/10%20no%2013%201-20%20aug%2011%201973.pdf, ./periodicals/black-panther/bpp-covers/10%20no%2013%201-20%20aug%2011%201973_cover.pdf, ./periodicals/black-panther/bpp-issues/10%20no%2013%201-20%20aug%2011%201973.pdf
"Vol. 10, No. 15, August 25, 1973", https://www.marxists.org/history/usa/pubs/black-panther/10%20no%2014%201-20%20aug%2018%201973.pdf, ./periodicals/black-panther/bpp-covers/10%20no%2014%201-20%20aug%2018%201973_cover.pdf, ./periodicals/black-panther/bpp-issues/10%20no%2014%201-20%20aug%2018%201973.pdf
"Vol. 10, No. 16, September 1, 1973", https://www.marxists.org/history/usa/pubs/black-panther/10%20no%2015%201-20%20aug%2025%201973.pdf, ./periodicals/black-panther/bpp-covers/10%20no%2015%201-20%20aug%2025%201973_cover.pdf, ./periodicals/black-panther/bpp-issues/10%20no%2015%201-20%20aug%2025%201973.pdf
"Vol. 10, No. 17, September 8, 1973", https://www.marxists.org/history/usa/pubs/black-panther/10%20no%2016%201-20%20sep%201%201973.pdf, ./periodicals/black-panther/bpp-covers/10%20no%2016%201-20%20sep%201%201973_cover.pdf, ./periodicals/black-panther/bpp-issues/10%20no%2016%201-20%20sep%201%201973.pdf
"Vol. 10, No. 18, September 15, 1973", https://www.marxists.org/history/usa/pubs/black-panther/10%20no%2017%201-19%20sep%208%201973.pdf, ./periodicals/black-panther/bpp-covers/10%20no%2017%201-19%20sep%208%201973_cover.pdf, ./periodicals/black-panther/bpp-issues/10%20no%2017%201-19%20sep%208%201973.pdf
"Vol. 10, No. 19, September 22, 1973", https://www.marxists.org/history/usa/pubs/black-panther/10%20no%2018%201-19%20sep%2015%201973.pdf, ./periodicals/black-panther/bpp-covers/10%20no%2018%201-19%20sep%2015%201973_cover.pdf, ./periodicals/black-panther/bpp-issues/10%20no%2018%201-19%20sep%2015%201973.pdf
"Vol. 10, No. 20, September 29, 1973", https://www.marxists.org/history/usa/pubs/black-panther/10%20no%2019%201-19%20sep%2022%201973.pdf, ./periodicals/black-panther/bpp-covers/10%20no%2019%201-19%20sep%2022%201973_cover.pdf, ./periodicals/black-panther/bpp-issues/10%20no%2019%201-19%20sep%2022%201973.pdf
"Vol. 10, No. 22, October 13, 1973", https://www.marxists.org/history/usa/pubs/black-panther/10%20no%2020%201-19%20sep%2029%201973.pdf, ./periodicals/black-panther/bpp-covers/10%20no%2020%201-19%20sep%2029%201973_cover.pdf, ./periodicals/black-panther/bpp-issues/10%20no%2020%201-19%20sep%2029%201973.pdf
"Vol. 10, No. 23, October 20, 1973", https://www.marxists.org/history/usa/pubs/black-panther/10%20no%2022%201-20%20oct%2013%201973.pdf, ./periodicals/black-panther/bpp-covers/10%20no%2022%201-20%20oct%2013%201973_cover.pdf, ./periodicals/black-panther/bpp-issues/10%20no%2022%201-20%20oct%2013%201973.pdf
"Vol. 10, No. 24, October 27, 1973", https://www.marxists.org/history/usa/pubs/black-panther/10%20no%2023%201-19%20oct%2020%201973.pdf, ./periodicals/black-panther/bpp-covers/10%20no%2023%201-19%20oct%2020%201973_cover.pdf, ./periodicals/black-panther/bpp-issues/10%20no%2023%201-19%20oct%2020%201973.pdf
"Vol. 10, No. 25, November 3, 1973", https://www.marxists.org/history/usa/pubs/black-panther/10%20no%2024%201-20%20oct%2027%201973.pdf, ./periodicals/black-panther/bpp-covers/10%20no%2024%201-20%20oct%2027%201973_cover.pdf, ./periodicals/black-panther/bpp-issues/10%20no%2024%201-20%20oct%2027%201973.pdf
"Vol. 10, No. 26, November 10, 1973", https://www.marxists.org/history/usa/pubs/black-panther/10%20no%2025%201-20%20nov%203%201973.pdf, ./periodicals/black-panther/bpp-covers/10%20no%2025%201-20%20nov%203%201973_cover.pdf, ./periodicals/black-panther/bpp-issues/10%20no%2025%201-20%20nov%203%201973.pdf
"Vol. 10, No. 27, November 17, 1973", https://www.marxists.org/history/usa/pubs/black-panther/10%20no%2026%201-20%20nov%2010%201973.pdf, ./periodicals/black-panther/bpp-covers/10%20no%2026%201-20%20nov%2010%201973_cover.pdf, ./periodicals/black-panther/bpp-issues/10%20no%2026%201-20%20nov%2010%201973.pdf
"Vol. 10, No. 28, November 24, 1973", https://www.marxists.org/history/usa/pubs/black-panther/10%20no%2027%201-20%20nov%2017%201973.pdf, ./periodicals/black-panther/bpp-covers/10%20no%2027%201-20%20nov%2017%201973_cover.pdf, ./periodicals/black-panther/bpp-issues/10%20no%2027%201-20%20nov%2017%201973.pdf
"Vol. 10, No. 30, December 8, 1973", https://www.marxists.org/history/usa/pubs/black-panther/10%20no%2028%201-20%20nov%2024%201973.pdf, ./periodicals/black-panther/bpp-covers/10%20no%2028%201-20%20nov%2024%201973_cover.pdf, ./periodicals/black-panther/bpp-issues/10%20no%2028%201-20%20nov%2024%201973.pdf
"Vol. 11, No. 2, January 5, 1974", https://www.marxists.org/history/usa/pubs/black-panther/10%20no%2030%201-20%20dec%208%201973.pdf, ./periodicals/black-panther/bpp-covers/10%20no%2030%201-20%20dec%208%201973_cover.pdf, ./periodicals/black-panther/bpp-issues/10%20no%2030%201-20%20dec%208%201973.pdf
"Vol. 11, No. 3, January 12, 1974", https://www.marxists.org/history/usa/pubs/black-panther/11%20no%202%201-24%20jan%205%201974.pdf, ./periodicals/black-panther/bpp-covers/11%20no%202%201-24%20jan%205%201974_cover.pdf, ./periodicals/black-panther/bpp-issues/11%20no%202%201-24%20jan%205%201974.pdf
"Vol. 11, No. 4, January 19, 1974", https://www.marxists.org/history/usa/pubs/black-panther/11%20no%203%201-24%20jan%2012%201974.pdf, ./periodicals/black-panther/bpp-covers/11%20no%203%201-24%20jan%2012%201974_cover.pdf, ./periodicals/black-panther/bpp-issues/11%20no%203%201-24%20jan%2012%201974.pdf
"Vol. 11, No. 5, January 26, 1974", https://www.marxists.org/history/usa/pubs/black-panther/11%20no%204%201-20%20jan%2019%201974.pdf, ./periodicals/black-panther/bpp-covers/11%20no%204%201-20%20jan%2019%201974_cover.pdf, ./periodicals/black-panther/bpp-issues/11%20no%204%201-20%20jan%2019%201974.pdf
"Vol. 11, No. 6, February 2, 1974", https://www.marxists.org/history/usa/pubs/black-panther/11%20no%205%201-20%20jan%2026%201974.pdf, ./periodicals/black-panther/bpp-covers/11%20no%205%201-20%20jan%2026%201974_cover.pdf, ./periodicals/black-panther/bpp-issues/11%20no%205%201-20%20jan%2026%201974.pdf
"Vol. 11, No. 7, February 9, 1974", https://www.marxists.org/history/usa/pubs/black-panther/11%20no%206%201-16%20feb%202%201974.pdf, ./periodicals/black-panther/bpp-covers/11%20no%206%201-16%20feb%202%201974_cover.pdf, ./periodicals/black-panther/bpp-issues/11%20no%206%201-16%20feb%202%201974.pdf
"Vol. 11, No. 8, February 16, 1974", https://www.marxists.org/history/usa/pubs/black-panther/11%20no%207%201-24%20feb%209%201974.pdf, ./periodicals/black-panther/bpp-covers/11%20no%207%201-24%20feb%209%201974_cover.pdf, ./periodicals/black-panther/bpp-issues/11%20no%207%201-24%20feb%209%201974.pdf
"Vol. 11, No. 9, February 23, 1974", https://www.marxists.org/history/usa/pubs/black-panther/11%20no%208%201-24%20feb%2016%201974.pdf, ./periodicals/black-panther/bpp-covers/11%20no%208%201-24%20feb%2016%201974_cover.pdf, ./periodicals/black-panther/bpp-issues/11%20no%208%201-24%20feb%2016%201974.pdf
"Vol. 11, No. 10, March 2, 1974", https://www.marxists.org/history/usa/pubs/black-panther/11%20no%209%201-24%20feb%2023%201974.pdf, ./periodicals/black-panther/bpp-covers/11%20no%209%201-24%20feb%2023%201974_cover.pdf, ./periodicals/black-panther/bpp-issues/11%20no%209%201-24%20feb%2023%201974.pdf
"Vol. 11, No. 11, March 9, 1974", https://www.marxists.org/history/usa/pubs/black-panther/11%20no%2010%201-24%20mar%202%201974.pdf, ./periodicals/black-panther/bpp-covers/11%20no%2010%201-24%20mar%202%201974_cover.pdf, ./periodicals/black-panther/bpp-issues/11%20no%2010%201-24%20mar%202%201974.pdf
"Vol. 11, No. 12, March 16, 1974", https://www.marxists.org/history/usa/pubs/black-panther/11%20no%2011%201-24%20mar%209%201974.pdf, ./periodicals/black-panther/bpp-covers/11%20no%2011%201-24%20mar%209%201974_cover.pdf, ./periodicals/black-panther/bpp-issues/11%20no%2011%201-24%20mar%209%201974.pdf
"Vol. 11, No. 13, March 23, 1974", https://www.marxists.org/history/usa/pubs/black-panther/11%20no%2012%201-24%20mar%2016%201974.pdf, ./periodicals/black-panther/bpp-covers/11%20no%2012%201-24%20mar%2016%201974_cover.pdf, ./periodicals/black-panther/bpp-issues/11%20no%2012%201-24%20mar%2016%201974.pdf
"Vol. 11, No. 14, March 30, 1974", https://www.marxists.org/history/usa/pubs/black-panther/11%20no%2013%201-24%20mar%2023%201974.pdf, ./periodicals/black-panther/bpp-covers/11%20no%2013%201-24%20mar%2023%201974_cover.pdf, ./periodicals/black-panther/bpp-issues/11%20no%2013%201-24%20mar%2023%201974.pdf
"Vol. 11, No. 15, April 6, 1974", https://www.marxists.org/history/usa/pubs/black-panther/11%20no%2014%201-24%20mar%2030%201974.pdf, ./periodicals/black-panther/bpp-covers/11%20no%2014%201-24%20mar%2030%201974_cover.pdf, ./periodicals/black-panther/bpp-issues/11%20no%2014%201-24%20mar%2030%201974.pdf
"Vol. 11, No. 16, April 13, 1974", https://www.marxists.org/history/usa/pubs/black-panther/11%20no%2015%201-24%20apr%206%201974.pdf, ./periodicals/black-panther/bpp-covers/11%20no%2015%201-24%20apr%206%201974_cover.pdf, ./periodicals/black-panther/bpp-issues/11%20no%2015%201-24%20apr%206%201974.pdf
"Vol. 11, No. 17, April 20, 1974", https://www.marxists.org/history/usa/pubs/black-panther/11%20no%2016%201-24%20apr%2013%201974.pdf, ./periodicals/black-panther/bpp-covers/11%20no%2016%201-24%20apr%2013%201974_cover.pdf, ./periodicals/black-panther/bpp-issues/11%20no%2016%201-24%20apr%2013%201974.pdf
"Vol. 11, No. 18, April 27, 1974", https://www.marxists.org/history/usa/pubs/black-panther/11%20no%2017%201-24%20apr%2020%201974.pdf, ./periodicals/black-panther/bpp-covers/11%20no%2017%201-24%20apr%2020%201974_cover.pdf, ./periodicals/black-panther/bpp-issues/11%20no%2017%201-24%20apr%2020%201974.pdf
"Vol. 11, No. 19, May 4, 1974", https://www.marxists.org/history/usa/pubs/black-panther/11%20no%2018%201-24%20apr%2027%201974.pdf, ./periodicals/black-panther/bpp-covers/11%20no%2018%201-24%20apr%2027%201974_cover.pdf, ./periodicals/black-panther/bpp-issues/11%20no%2018%201-24%20apr%2027%201974.pdf
"Vol. 11, No. 20, May 11, 1974", https://www.marxists.org/history/usa/pubs/black-panther/11%20no%2019%201-23%20may%204%201974.pdf, ./periodicals/black-panther/bpp-covers/11%20no%2019%201-23%20may%204%201974_cover.pdf, ./periodicals/black-panther/bpp-issues/11%20no%2019%201-23%20may%204%201974.pdf
"Vol. 11, No. 21, May 18, 1974", https://www.marxists.org/history/usa/pubs/black-panther/11%20no%2020%201-24%20may%2011%201974.pdf, ./periodicals/black-panther/bpp-covers/11%20no%2020%201-24%20may%2011%201974_cover.pdf, ./periodicals/black-panther/bpp-issues/11%20no%2020%201-24%20may%2011%201974.pdf
"Vol. 11, No. 22, May 25, 1974", https://www.marxists.org/history/usa/pubs/black-panther/11%20no%2021%201-24%20may%2018%201974.pdf, ./periodicals/black-panther/bpp-covers/11%20no%2021%201-24%20may%2018%201974_cover.pdf, ./periodicals/black-panther/bpp-issues/11%20no%2021%201-24%20may%2018%201974.pdf
"Vol. 11, No. 23, June 8, 1974", https://www.marxists.org/history/usa/pubs/black-panther/11%20no%2022%201-24%20may%2025%201974.pdf, ./periodicals/black-panther/bpp-covers/11%20no%2022%201-24%20may%2025%201974_cover.pdf, ./periodicals/black-panther/bpp-issues/11%20no%2022%201-24%20may%2025%201974.pdf
"Vol. 11, No. 24, June 15, 1974", https://www.marxists.org/history/usa/pubs/black-panther/11%20no%2024%201-24%20jun%208%201974.pdf, ./periodicals/black-panther/bpp-covers/11%20no%2024%201-24%20jun%208%201974_cover.pdf, ./periodicals/black-panther/bpp-issues/11%20no%2024%201-24%20jun%208%201974.pdf
"Vol. 11, No. 25, June 29, 1974", https://www.marxists.org/history/usa/pubs/black-panther/11%20no%2025%201-23%20jun%2015%201974.pdf, ./periodicals/black-panther/bpp-covers/11%20no%2025%201-23%20jun%2015%201974_cover.pdf, ./periodicals/black-panther/bpp-issues/11%20no%2025%201-23%20jun%2015%201974.pdf
"Vol. 11, No. 27, July 6, 1974", https://www.marxists.org/history/usa/pubs/black-panther/11%20no%2027%201-24%20jun%2029%201974.pdf, ./periodicals/black-panther/bpp-covers/11%20no%2027%201-24%20jun%2029%201974_cover.pdf, ./periodicals/black-panther/bpp-issues/11%20no%2027%201-24%20jun%2029%201974.pdf
"Vol. 11, No. 28, July 13, 1974", https://www.marxists.org/history/usa/pubs/black-panther/11%20no%2028%201-23%20jul%206%201974.pdf, ./periodicals/black-panther/bpp-covers/11%20no%2028%201-23%20jul%206%201974_cover.pdf, ./periodicals/black-panther/bpp-issues/11%20no%2028%201-23%20jul%206%201974.pdf
"Vol. 11, No. 29, July 20, 1974", https://www.marxists.org/history/usa/pubs/black-panther/11%20no%2029%201-24%20jul%2013%201974.pdf, ./periodicals/black-panther/bpp-covers/11%20no%2029%201-24%20jul%2013%201974_cover.pdf, ./periodicals/black-panther/bpp-issues/11%20no%2029%201-24%20jul%2013%201974.pdf
"Vol. 12, No. 2, August 3, 1974", https://www.marxists.org/history/usa/pubs/black-panther/11%20no%2030%201-24%20jul%2020%201974.pdf, ./periodicals/black-panther/bpp-covers/11%20no%2030%201-24%20jul%2020%201974_cover.pdf, ./periodicals/black-panther/bpp-issues/11%20no%2030%201-24%20jul%2020%201974.pdf
"Vol. 12, No. 3, August 10, 1974", https://www.marxists.org/history/usa/pubs/black-panther/12%20no%202%201-24%20aug%203%201974.pdf, ./periodicals/black-panther/bpp-covers/12%20no%202%201-24%20aug%203%201974_cover.pdf, ./periodicals/black-panther/bpp-issues/12%20no%202%201-24%20aug%203%201974.pdf
"Vol. 12, No. 4, August 17, 1974", https://www.marxists.org/history/usa/pubs/black-panther/12%20no%203%201-24%20aug%2010%201974.pdf, ./periodicals/black-panther/bpp-covers/12%20no%203%201-24%20aug%2010%201974_cover.pdf, ./periodicals/black-panther/bpp-issues/12%20no%203%201-24%20aug%2010%201974.pdf
"Vol. 12, No. 5, August 24, 1974", https://www.marxists.org/history/usa/pubs/black-panther/12%20no%204%201-24%20aug%2017%201974.pdf, ./periodicals/black-panther/bpp-covers/12%20no%204%201-24%20aug%2017%201974_cover.pdf, ./periodicals/black-panther/bpp-issues/12%20no%204%201-24%20aug%2017%201974.pdf
"Vol. 12, No. 6, August 31, 1974", https://www.marxists.org/history/usa/pubs/black-panther/12%20no%205%201-24%20aug%2024%201974.pdf, ./periodicals/black-panther/bpp-covers/12%20no%205%201-24%20aug%2024%201974_cover.pdf, ./periodicals/black-panther/bpp-issues/12%20no%205%201-24%20aug%2024%201974.pdf
"Vol. 12, No. 7, September 7, 1974", https://www.marxists.org/history/usa/pubs/black-panther/12%20no%206%201-24%20aug%2031%201974.pdf, ./periodicals/black-panther/bpp-covers/12%20no%206%201-24%20aug%2031%201974_cover.pdf, ./periodicals/black-panther/bpp-issues/12%20no%206%201-24%20aug%2031%201974.pdf
"Vol. 12, No. 8, September 14, 1974", https://www.marxists.org/history/usa/pubs/black-panther/12%20no%207%201-24%20sep%207%201974.pdf, ./periodicals/black-panther/bpp-covers/12%20no%207%201-24%20sep%207%201974_cover.pdf, ./periodicals/black-panther/bpp-issues/12%20no%207%201-24%20sep%207%201974.pdf
"Vol. 12, No. 9, September 21, 1974", https://www.marxists.org/history/usa/pubs/black-panther/12%20no%208%201-24%20sep%2014%201974.pdf, ./periodicals/black-panther/bpp-covers/12%20no%208%201-24%20sep%2014%201974_cover.pdf, ./periodicals/black-panther/bpp-issues/12%20no%208%201-24%20sep%2014%201974.pdf
"Vol. 12, No. 10, September 28, 1974", https://www.marxists.org/history/usa/pubs/black-panther/12%20no%209%201-24%20sep%2021%201974.pdf, ./periodicals/black-panther/bpp-covers/12%20no%209%201-24%20sep%2021%201974_cover.pdf, ./periodicals/black-panther/bpp-issues/12%20no%209%201-24%20sep%2021%201974.pdf
"Vol. 12, No. 11, October 5, 1974", https://www.marxists.org/history/usa/pubs/black-panther/12%20no%2010%201-24%20sep%2028%201974.pdf, ./periodicals/black-panther/bpp-covers/12%20no%2010%201-24%20sep%2028%201974_cover.pdf, ./periodicals/black-panther/bpp-issues/12%20no%2010%201-24%20sep%2028%201974.pdf
"Vol. 12, No. 12, October 12, 1974", https://www.marxists.org/history/usa/pubs/black-panther/12%20no%2011%201-24%20oct%205%201974.pdf, ./periodicals/black-panther/bpp-covers/12%20no%2011%201-24%20oct%205%201974_cover.pdf, ./periodicals/black-panther/bpp-issues/12%20no%2011%201-24%20oct%205%201974.pdf
"Vol. 12, No. 13, October 19, 1974", https://www.marxists.org/history/usa/pubs/black-panther/12%20no%2012%201-24%20oct%2012%201974.pdf, ./periodicals/black-panther/bpp-covers/12%20no%2012%201-24%20oct%2012%201974_cover.pdf, ./periodicals/black-panther/bpp-issues/12%20no%2012%201-24%20oct%2012%201974.pdf
"Vol. 12, No. 14, October 26, 1974", https://www.marxists.org/history/usa/pubs/black-panther/12%20no%2013%201-24%20oct%2019%201974.pdf, ./periodicals/black-panther/bpp-covers/12%20no%2013%201-24%20oct%2019%201974_cover.pdf, ./periodicals/black-panther/bpp-issues/12%20no%2013%201-24%20oct%2019%201974.pdf
"Vol. 12, No. 15, November 2, 1974", https://www.marxists.org/history/usa/pubs/black-panther/12%20no%2014%201-24%20oct%2026%201974.pdf, ./periodicals/black-panther/bpp-covers/12%20no%2014%201-24%20oct%2026%201974_cover.pdf, ./periodicals/black-panther/bpp-issues/12%20no%2014%201-24%20oct%2026%201974.pdf
"Vol. 12, No. 16, November 9, 1974", https://www.marxists.org/history/usa/pubs/black-panther/12%20no%2015%201-23%20nov%202%201974.pdf, ./periodicals/black-panther/bpp-covers/12%20no%2015%201-23%20nov%202%201974_cover.pdf, ./periodicals/black-panther/bpp-issues/12%20no%2015%201-23%20nov%202%201974.pdf
"Vol. 12, No. 17, November 16, 1974", https://www.marxists.org/history/usa/pubs/black-panther/12%20no%2016%201-24%20nov%209%201974.pdf, ./periodicals/black-panther/bpp-covers/12%20no%2016%201-24%20nov%209%201974_cover.pdf, ./periodicals/black-panther/bpp-issues/12%20no%2016%201-24%20nov%209%201974.pdf
"Vol. 12, No. 18, November 23, 1974", https://www.marxists.org/history/usa/pubs/black-panther/12%20no%2017%201-24%20nov%2016%201974.pdf, ./periodicals/black-panther/bpp-covers/12%20no%2017%201-24%20nov%2016%201974_cover.pdf, ./periodicals/black-panther/bpp-issues/12%20no%2017%201-24%20nov%2016%201974.pdf
"Vol. 12, No. 19, November 30, 1974", https://www.marxists.org/history/usa/pubs/black-panther/12%20no%2018%201-24%20nov%2023%201974.pdf, ./periodicals/black-panther/bpp-covers/12%20no%2018%201-24%20nov%2023%201974_cover.pdf, ./periodicals/black-panther/bpp-issues/12%20no%2018%201-24%20nov%2023%201974.pdf
"Vol. 12, No. 20, December 7, 1974", https://www.marxists.org/history/usa/pubs/black-panther/12%20no%2019%201-24%20nov%2030%201974.pdf, ./periodicals/black-panther/bpp-covers/12%20no%2019%201-24%20nov%2030%201974_cover.pdf, ./periodicals/black-panther/bpp-issues/12%20no%2019%201-24%20nov%2030%201974.pdf
"Vol. 12, No. 21, December 14, 1974", https://www.marxists.org/history/usa/pubs/black-panther/12%20no%2020%201-24%20dec%207%201974.pdf, ./periodicals/black-panther/bpp-covers/12%20no%2020%201-24%20dec%207%201974_cover.pdf, ./periodicals/black-panther/bpp-issues/12%20no%2020%201-24%20dec%207%201974.pdf
"Vol. 12, No. 22, December 21, 1974", https://www.marxists.org/history/usa/pubs/black-panther/12%20no%2021%201-24%20dec%2014%201974.pdf, ./periodicals/black-panther/bpp-covers/12%20no%2021%201-24%20dec%2014%201974_cover.pdf, ./periodicals/black-panther/bpp-issues/12%20no%2021%201-24%20dec%2014%201974.pdf
"Vol. 12, No. 23, December 28, 1974", https://www.marxists.org/history/usa/pubs/black-panther/12%20no%2022%201-24%20dec%2021%201974.pdf, ./periodicals/black-panther/bpp-covers/12%20no%2022%201-24%20dec%2021%201974_cover.pdf, ./periodicals/black-panther/bpp-issues/12%20no%2022%201-24%20dec%2021%201974.pdf
"Vol. 12, No. 24, January 4, 1974", https://www.marxists.org/history/usa/pubs/black-panther/12%20no%2023%201-24%20dec%2028%201974.pdf, ./periodicals/black-panther/bpp-covers/12%20no%2023%201-24%20dec%2028%201974_cover.pdf, ./periodicals/black-panther/bpp-issues/12%20no%2023%201-24%20dec%2028%201974.pdf
"Vol. 12, No. 25, January 11, 1974", https://www.marxists.org/history/usa/pubs/black-panther/12%20no%2024%201-24%20jan%204%201975.pdf, ./periodicals/black-panther/bpp-covers/12%20no%2024%201-24%20jan%204%201975_cover.pdf, ./periodicals/black-panther/bpp-issues/12%20no%2024%201-24%20jan%204%201975.pdf
"Vol. 12, No. 26, January 18, 1974", https://www.marxists.org/history/usa/pubs/black-panther/12%20no%2025%201-24%20jan%2011%201975.pdf, ./periodicals/black-panther/bpp-covers/12%20no%2025%201-24%20jan%2011%201975_cover.pdf, ./periodicals/black-panther/bpp-issues/12%20no%2025%201-24%20jan%2011%201975.pdf
"Vol. 12, No. 27, January 25, 1974", https://www.marxists.org/history/usa/pubs/black-panther/12%20no%2026%201-23%20jann%2018%201975.pdf, ./periodicals/black-panther/bpp-covers/12%20no%2026%201-23%20jann%2018%201975_cover.pdf, ./periodicals/black-panther/bpp-issues/12%20no%2026%201-23%20jann%2018%201975.pdf
"Vol. 12, No. 28, February 1, 1974", https://www.marxists.org/history/usa/pubs/black-panther/12%20no%2027%201-24%20jan%2025%201975.pdf, ./periodicals/black-panther/bpp-covers/12%20no%2027%201-24%20jan%2025%201975_cover.pdf, ./periodicals/black-panther/bpp-issues/12%20no%2027%201-24%20jan%2025%201975.pdf
"Vol. 12, No. 30, February 15, 1974", https://www.marxists.org/history/usa/pubs/black-panther/12%20no%2028%201-24%20feb%201%201975.pdf, ./periodicals/black-panther/bpp-covers/12%20no%2028%201-24%20feb%201%201975_cover.pdf, ./periodicals/black-panther/bpp-issues/12%20no%2028%201-24%20feb%201%201975.pdf
"Vol. 13, No. 1, February, 1975", https://www.marxists.org/history/usa/pubs/black-panther/12%20no%2030%201-24%20feb%2015%201975.pdf, ./periodicals/black-panther/bpp-covers/12%20no%2030%201-24%20feb%2015%201975_cover.pdf, ./periodicals/black-panther/bpp-issues/12%20no%2030%201-24%20feb%2015%201975.pdf
"Vol. 13, No. 2, March 1, 1975", https://www.marxists.org/history/usa/pubs/black-panther/13%20no%201%201-24%20feb%2022%201975.pdf, ./periodicals/black-panther/bpp-covers/13%20no%201%201-24%20feb%2022%201975_cover.pdf, ./periodicals/black-panther/bpp-issues/13%20no%201%201-24%20feb%2022%201975.pdf
"Vol. 13, No. 3, March 8, 1975", https://www.marxists.org/history/usa/pubs/black-panther/13%20no%202%201-28%20mar%201%201975.pdf, ./periodicals/black-panther/bpp-covers/13%20no%202%201-28%20mar%201%201975_cover.pdf, ./periodicals/black-panther/bpp-issues/13%20no%202%201-28%20mar%201%201975.pdf
"Vol. 13, No. 4, March 15, 1975", https://www.marxists.org/history/usa/pubs/black-panther/13%20no%203%201-28%20mar%208%201975.pdf, ./periodicals/black-panther/bpp-covers/13%20no%203%201-28%20mar%208%201975_cover.pdf, ./periodicals/black-panther/bpp-issues/13%20no%203%201-28%20mar%208%201975.pdf
"Vol. 13, No. 5, March 22, 1975", https://www.marxists.org/history/usa/pubs/black-panther/13%20no%204%201-28%20mar%2015%201975.pdf, ./periodicals/black-panther/bpp-covers/13%20no%204%201-28%20mar%2015%201975_cover.pdf, ./periodicals/black-panther/bpp-issues/13%20no%204%201-28%20mar%2015%201975.pdf
"Vol. 13, No. 6, March 29, 1975", https://www.marxists.org/history/usa/pubs/black-panther/13%20no%205%201-28%20mar%2022%201975.pdf, ./periodicals/black-panther/bpp-covers/13%20no%205%201-28%20mar%2022%201975_cover.pdf, ./periodicals/black-panther/bpp-issues/13%20no%205%201-28%20mar%2022%201975.pdf
"Vol. 13, No. 7, April 5, 1975", https://www.marxists.org/history/usa/pubs/black-panther/13%20no%206%201-28%20mar%2029%201975.pdf, ./periodicals/black-panther/bpp-covers/13%20no%206%201-28%20mar%2029%201975_cover.pdf, ./periodicals/black-panther/bpp-issues/13%20no%206%201-28%20mar%2029%201975.pdf
"Vol. 13, No. 8, April 12, 1975", https://www.marxists.org/history/usa/pubs/black-panther/13%20no%207%201-28%20apr%205%201975.pdf, ./periodicals/black-panther/bpp-covers/13%20no%207%201-28%20apr%205%201975_cover.pdf, ./periodicals/black-panther/bpp-issues/13%20no%207%201-28%20apr%205%201975.pdf
"Vol. 13, No. 9, April 10, 1975", https://www.marxists.org/history/usa/pubs/black-panther/13%20no%208%201028%20apr%2012%201975.pdf, ./periodicals/black-panther/bpp-covers/13%20no%208%201028%20apr%2012%201975_cover.pdf, ./periodicals/black-panther/bpp-issues/13%20no%208%201028%20apr%2012%201975.pdf
"Vol. 13, No. 10, April 28, 1975", https://www.marxists.org/history/usa/pubs/black-panther/13%20no%209%201-28%20apr%2019%201975.pdf, ./periodicals/black-panther/bpp-covers/13%20no%209%201-28%20apr%2019%201975_cover.pdf, ./periodicals/black-panther/bpp-issues/13%20no%209%201-28%20apr%2019%201975.pdf
"Vol. 13, No. 11, May 5, 1975", https://www.marxists.org/history/usa/pubs/black-panther/13%20no%2010%201-28%20apr%2028%201975.pdf, ./periodicals/black-panther/bpp-covers/13%20no%2010%201-28%20apr%2028%201975_cover.pdf, ./periodicals/black-panther/bpp-issues/13%20no%2010%201-28%20apr%2028%201975.pdf
"Vol. 13, No. 12, May 12, 1975", https://www.marxists.org/history/usa/pubs/black-panther/13%20no%2011%201-28%20may%205%201975.pdf, ./periodicals/black-panther/bpp-covers/13%20no%2011%201-28%20may%205%201975_cover.pdf, ./periodicals/black-panther/bpp-issues/13%20no%2011%201-28%20may%205%201975.pdf
"Vol. 13, No. 13, May 19, 1975", https://www.marxists.org/history/usa/pubs/black-panther/13%20no%2012%201-28%20may%2012%201975.pdf, ./periodicals/black-panther/bpp-covers/13%20no%2012%201-28%20may%2012%201975_cover.pdf, ./periodicals/black-panther/bpp-issues/13%20no%2012%201-28%20may%2012%201975.pdf
"Vol. 13, No. 14, May 26, 1975", https://www.marxists.org/history/usa/pubs/black-panther/13%20no%2013%201-28%20may%2019%201975.pdf, ./periodicals/black-panther/bpp-covers/13%20no%2013%201-28%20may%2019%201975_cover.pdf, ./periodicals/black-panther/bpp-issues/13%20no%2013%201-28%20may%2019%201975.pdf
"Vol. 13, No. 15, June 2, 1975", https://www.marxists.org/history/usa/pubs/black-panther/13%20no%2014%201-28%20may%2026%201975.pdf, ./periodicals/black-panther/bpp-covers/13%20no%2014%201-28%20may%2026%201975_cover.pdf, ./periodicals/black-panther/bpp-issues/13%20no%2014%201-28%20may%2026%201975.pdf
"Vol. 13, No. 16, June 9, 1975", https://www.marxists.org/history/usa/pubs/black-panther/13%20no%2015%201-28%20jun%202%201975.pdf, ./periodicals/black-panther/bpp-covers/13%20no%2015%201-28%20jun%202%201975_cover.pdf, ./periodicals/black-panther/bpp-issues/13%20no%2015%201-28%20jun%202%201975.pdf
"Vol. 13, No. 17, June 16, 1975", https://www.marxists.org/history/usa/pubs/black-panther/13%20no%2016%201-28%20jun%209%201975.pdf, ./periodicals/black-panther/bpp-covers/13%20no%2016%201-28%20jun%209%201975_cover.pdf, ./periodicals/black-panther/bpp-issues/13%20no%2016%201-28%20jun%209%201975.pdf
"Vol. 13, No. 18, June 23, 1975", https://www.marxists.org/history/usa/pubs/black-panther/13%20no%2017%201-28%20jun%2016%201975.pdf, ./periodicals/black-panther/bpp-covers/13%20no%2017%201-28%20jun%2016%201975_cover.pdf, ./periodicals/black-panther/bpp-issues/13%20no%2017%201-28%20jun%2016%201975.pdf
"Vol. 13, No. 19, June 30, 1975", https://www.marxists.org/history/usa/pubs/black-panther/13%20no%2018%201-28%20jun%2023%201975.pdf, ./periodicals/black-panther/bpp-covers/13%20no%2018%201-28%20jun%2023%201975_cover.pdf, ./periodicals/black-panther/bpp-issues/13%20no%2018%201-28%20jun%2023%201975.pdf
"Vol. 13, No. 20, July 7, 1975", https://www.marxists.org/history/usa/pubs/black-panther/13%20no%2019%201-28%20jun%2030%201975.pdf, ./periodicals/black-panther/bpp-covers/13%20no%2019%201-28%20jun%2030%201975_cover.pdf, ./periodicals/black-panther/bpp-issues/13%20no%2019%201-28%20jun%2030%201975.pdf
"Vol. 13, No. 21, July 14, 1975", https://www.marxists.org/history/usa/pubs/black-panther/13%20no%2020%201-28%20jul%207%201975.pdf, ./periodicals/black-panther/bpp-covers/13%20no%2020%201-28%20jul%207%201975_cover.pdf, ./periodicals/black-panther/bpp-issues/13%20no%2020%201-28%20jul%207%201975.pdf
"Vol. 13, No. 22, July 21, 1975", https://www.marxists.org/history/usa/pubs/black-panther/13%20no%2021%201-28%20jul%2014%201975.pdf, ./periodicals/black-panther/bpp-covers/13%20no%2021%201-28%20jul%2014%201975_cover.pdf, ./periodicals/black-panther/bpp-issues/13%20no%2021%201-28%20jul%2014%201975.pdf
"Vol. 13, No. 23, July 28, 1975", https://www.marxists.org/history/usa/pubs/black-panther/13%20no%2022%201-28%20jul%2021%201975.pdf, ./periodicals/black-panther/bpp-covers/13%20no%2022%201-28%20jul%2021%201975_cover.pdf, ./periodicals/black-panther/bpp-issues/13%20no%2022%201-28%20jul%2021%201975.pdf
"Vol. 13, No. 24, August 4, 1975", https://www.marxists.org/history/usa/pubs/black-panther/13%20no%2023%201-16%20jul%2028%201975.pdf, ./periodicals/black-panther/bpp-covers/13%20no%2023%201-16%20jul%2028%201975_cover.pdf, ./periodicals/black-panther/bpp-issues/13%20no%2023%201-16%20jul%2028%201975.pdf
"Vol. 13, No. 25, August 11, 1975", https://www.marxists.org/history/usa/pubs/black-panther/13%20no%2024%201-28%20aug%204%201975.pdf, ./periodicals/black-panther/bpp-covers/13%20no%2024%201-28%20aug%204%201975_cover.pdf, ./periodicals/black-panther/bpp-issues/13%20no%2024%201-28%20aug%204%201975.pdf
"Vol. 13, No. 26, August 18, 1975", https://www.marxists.org/history/usa/pubs/black-panther/13%20no%2025%201-28%20aug%2011%201975.pdf, ./periodicals/black-panther/bpp-covers/13%20no%2025%201-28%20aug%2011%201975_cover.pdf, ./periodicals/black-panther/bpp-issues/13%20no%2025%201-28%20aug%2011%201975.pdf
"Vol. 13, No. 27, August 25, 1975", https://www.marxists.org/history/usa/pubs/black-panther/13%20no%2026%201-26%20aug%2018%201975.pdf, ./periodicals/black-panther/bpp-covers/13%20no%2026%201-26%20aug%2018%201975_cover.pdf, ./periodicals/black-panther/bpp-issues/13%20no%2026%201-26%20aug%2018%201975.pdf
"Vol. 13, No. 28, September 1, 1975", https://www.marxists.org/history/usa/pubs/black-panther/13%20no%2027%201-29%20aug%2025%201975.pdf, ./periodicals/black-panther/bpp-covers/13%20no%2027%201-29%20aug%2025%201975_cover.pdf, ./periodicals/black-panther/bpp-issues/13%20no%2027%201-29%20aug%2025%201975.pdf
"Vol. 13, No. 29, September 8, 1975", https://www.marxists.org/history/usa/pubs/black-panther/13%20no%2028%201-28%20sep%201%201975.pdf, ./periodicals/black-panther/bpp-covers/13%20no%2028%201-28%20sep%201%201975_cover.pdf, ./periodicals/black-panther/bpp-issues/13%20no%2028%201-28%20sep%201%201975.pdf
"Vol. 13, No. 30, September 15, 1975", https://www.marxists.org/history/usa/pubs/black-panther/13%20no%2029%201-28%20sep%208%201975.pdf, ./periodicals/black-panther/bpp-covers/13%20no%2029%201-28%20sep%208%201975_cover.pdf, ./periodicals/black-panther/bpp-issues/13%20no%2029%201-28%20sep%208%201975.pdf
"Vol. 14, No. 1, September 22, 1975", https://www.marxists.org/history/usa/pubs/black-panther/13%20no%2030%201-28%20sep%2015%201975.pdf, ./periodicals/black-panther/bpp-covers/13%20no%2030%201-28%20sep%2015%201975_cover.pdf, ./periodicals/black-panther/bpp-issues/13%20no%2030%201-28%20sep%2015%201975.pdf
"Vol. 14, No. 2, September 29, 1975", https://www.marxists.org/history/usa/pubs/black-panther/14%20no%201%201-28%20sep%2022%201975.pdf, ./periodicals/black-panther/bpp-covers/14%20no%201%201-28%20sep%2022%201975_cover.pdf, ./periodicals/black-panther/bpp-issues/14%20no%201%201-28%20sep%2022%201975.pdf
"Vol. 14, No. 3, October 6, 1975", https://www.marxists.org/history/usa/pubs/black-panther/14%20no%202%201-28%20sep%2029%201975.pdf, ./periodicals/black-panther/bpp-covers/14%20no%202%201-28%20sep%2029%201975_cover.pdf, ./periodicals/black-panther/bpp-issues/14%20no%202%201-28%20sep%2029%201975.pdf
"Vol. 14, No. 4, October 14, 1975", https://www.marxists.org/history/usa/pubs/black-panther/14%20no%203%201-29%20oct%206%201975.pdf, ./periodicals/black-panther/bpp-covers/14%20no%203%201-29%20oct%206%201975_cover.pdf, ./periodicals/black-panther/bpp-issues/14%20no%203%201-29%20oct%206%201975.pdf
"Vol. 14, No. 5, October 18, 1975", https://www.marxists.org/history/usa/pubs/black-panther/14%20no%204%201-28%20oct%2014%201975.pdf, ./periodicals/black-panther/bpp-covers/14%20no%204%201-28%20oct%2014%201975_cover.pdf, ./periodicals/black-panther/bpp-issues/14%20no%204%201-28%20oct%2014%201975.pdf
"Vol. 14, No. 6, October 25, 1975", https://www.marxists.org/history/usa/pubs/black-panther/14%20no%205%201-29%20oct%2018%201975.pdf, ./periodicals/black-panther/bpp-covers/14%20no%205%201-29%20oct%2018%201975_cover.pdf, ./periodicals/black-panther/bpp-issues/14%20no%205%201-29%20oct%2018%201975.pdf
"Vol. 14, No. 7, November 1, 1975", https://www.marxists.org/history/usa/pubs/black-panther/14%20no%206%201-28%20oct%2025%201975.pdf, ./periodicals/black-panther/bpp-covers/14%20no%206%201-28%20oct%2025%201975_cover.pdf, ./periodicals/black-panther/bpp-issues/14%20no%206%201-28%20oct%2025%201975.pdf
"Vol. 14, No. 9, November 15, 1975", https://www.marxists.org/history/usa/pubs/black-panther/14%20no%207%201-28%20nov%201%201975.pdf, ./periodicals/black-panther/bpp-covers/14%20no%207%201-28%20nov%201%201975_cover.pdf, ./periodicals/black-panther/bpp-issues/14%20no%207%201-28%20nov%201%201975.pdf
"Vol. 14, No. 10, November 22, 1975", https://www.marxists.org/history/usa/pubs/black-panther/14%20no%209%201-28%20nov%2015%201975.pdf, ./periodicals/black-panther/bpp-covers/14%20no%209%201-28%20nov%2015%201975_cover.pdf, ./periodicals/black-panther/bpp-issues/14%20no%209%201-28%20nov%2015%201975.pdf
"Vol. 14, No. 12, December 6, 1975", https://www.marxists.org/history/usa/pubs/black-panther/14%20no%2010%201-28%20nov%2022%201975.pdf, ./periodicals/black-panther/bpp-covers/14%20no%2010%201-28%20nov%2022%201975_cover.pdf, ./periodicals/black-panther/bpp-issues/14%20no%2010%201-28%20nov%2022%201975.pdf
"Vol. 14, No. 13, December 13, 1975", https://www.marxists.org/history/usa/pubs/black-panther/14%20no%2012%201-28%20dec%206%201975.pdf, ./periodicals/black-panther/bpp-covers/14%20no%2012%201-28%20dec%206%201975_cover.pdf, ./periodicals/black-panther/bpp-issues/14%20no%2012%201-28%20dec%206%201975.pdf
"Vol. 14, No. 14, December 20, 1975", https://www.marxists.org/history/usa/pubs/black-panther/14%20no%2013%201-28%20dec%2013%201975.pdf, ./periodicals/black-panther/bpp-covers/14%20no%2013%201-28%20dec%2013%201975_cover.pdf, ./periodicals/black-panther/bpp-issues/14%20no%2013%201-28%20dec%2013%201975.pdf
"Vol. 14, No. 15, December 27, 1975", https://www.marxists.org/history/usa/pubs/black-panther/14%20no%2014%201-28%20dec%2020%201975.pdf, ./periodicals/black-panther/bpp-covers/14%20no%2014%201-28%20dec%2020%201975_cover.pdf, ./periodicals/black-panther/bpp-issues/14%20no%2014%201-28%20dec%2020%201975.pdf
"Vol. 14, No. 16, January 3, 1976", https://www.marxists.org/history/usa/pubs/black-panther/14%20no%2015%201-28%20dec%2027%201975.pdf, ./periodicals/black-panther/bpp-covers/14%20no%2015%201-28%20dec%2027%201975_cover.pdf, ./periodicals/black-panther/bpp-issues/14%20no%2015%201-28%20dec%2027%201975.pdf
"Vol. 14, No. 17, January 10, 1976", https://www.marxists.org/history/usa/pubs/black-panther/14%20no%2016%201-27%20jan%203%201976.pdf, ./periodicals/black-panther/bpp-covers/14%20no%2016%201-27%20jan%203%201976_cover.pdf, ./periodicals/black-panther/bpp-issues/14%20no%2016%201-27%20jan%203%201976.pdf
"Vol. 14, No. 18, January 17, 1976", https://www.marxists.org/history/usa/pubs/black-panther/14%20no%2017%201-29%20jan%2010%201976.pdf, ./periodicals/black-panther/bpp-covers/14%20no%2017%201-29%20jan%2010%201976_cover.pdf, ./periodicals/black-panther/bpp-issues/14%20no%2017%201-29%20jan%2010%201976.pdf
"Vol. 14, No. 19, January 24, 1976", https://www.marxists.org/history/usa/pubs/black-panther/14%20no%2018%201-29%20jan%2017%201976.pdf, ./periodicals/black-panther/bpp-covers/14%20no%2018%201-29%20jan%2017%201976_cover.pdf, ./periodicals/black-panther/bpp-issues/14%20no%2018%201-29%20jan%2017%201976.pdf
"Vol. 14, No. 20, January 31, 1976", https://www.marxists.org/history/usa/pubs/black-panther/14%20no%2019%201-22%20jan%2024%201976.pdf, ./periodicals/black-panther/bpp-covers/14%20no%2019%201-22%20jan%2024%201976_cover.pdf, ./periodicals/black-panther/bpp-issues/14%20no%2019%201-22%20jan%2024%201976.pdf
"Vol. 14, No. 21, February 7, 1976", https://www.marxists.org/history/usa/pubs/black-panther/14%20no%2020%201-29%20jan%2031%201976.pdf, ./periodicals/black-panther/bpp-covers/14%20no%2020%201-29%20jan%2031%201976_cover.pdf, ./periodicals/black-panther/bpp-issues/14%20no%2020%201-29%20jan%2031%201976.pdf
"Vol. 14, No. 22, February 14, 1976", https://www.marxists.org/history/usa/pubs/black-panther/14%20no%2021%201-28%20feb%207%201976.pdf, ./periodicals/black-panther/bpp-covers/14%20no%2021%201-28%20feb%207%201976_cover.pdf, ./periodicals/black-panther/bpp-issues/14%20no%2021%201-28%20feb%207%201976.pdf
"Vol. 14, No. 23, February 21, 1976", https://www.marxists.org/history/usa/pubs/black-panther/14%20no%2022%201-26%20feb%2014%201976.pdf, ./periodicals/black-panther/bpp-covers/14%20no%2022%201-26%20feb%2014%201976_cover.pdf, ./periodicals/black-panther/bpp-issues/14%20no%2022%201-26%20feb%2014%201976.pdf
"Vol. 14, No. 24, February 28, 1976", https://www.marxists.org/history/usa/pubs/black-panther/14%20no%2023%201-28%20feb%2021%201976.pdf, ./periodicals/black-panther/bpp-covers/14%20no%2023%201-28%20feb%2021%201976_cover.pdf, ./periodicals/black-panther/bpp-issues/14%20no%2023%201-28%20feb%2021%201976.pdf
"Vol. 14, No. 25, March 6, 1976", https://www.marxists.org/history/usa/pubs/black-panther/14%20no%2024%201-28%20feb%2028%201976.pdf, ./periodicals/black-panther/bpp-covers/14%20no%2024%201-28%20feb%2028%201976_cover.pdf, ./periodicals/black-panther/bpp-issues/14%20no%2024%201-28%20feb%2028%201976.pdf
"Vol. 14, No. 26, March 13, 1976", https://www.marxists.org/history/usa/pubs/black-panther/14%20no%2025%201-28%20mar%206%201976.pdf, ./periodicals/black-panther/bpp-covers/14%20no%2025%201-28%20mar%206%201976_cover.pdf, ./periodicals/black-panther/bpp-issues/14%20no%2025%201-28%20mar%206%201976.pdf
"Vol. 14, No. 27, March 20, 1976", https://www.marxists.org/history/usa/pubs/black-panther/14%20no%2026%201-28%20mar%2013%201976.pdf, ./periodicals/black-panther/bpp-covers/14%20no%2026%201-28%20mar%2013%201976_cover.pdf, ./periodicals/black-panther/bpp-issues/14%20no%2026%201-28%20mar%2013%201976.pdf
"Vol. 14, No. 28, March 27, 1976", https://www.marxists.org/history/usa/pubs/black-panther/14%20no%2027%201-28%20mar%2020%201976.pdf, ./periodicals/black-panther/bpp-covers/14%20no%2027%201-28%20mar%2020%201976_cover.pdf, ./periodicals/black-panther/bpp-issues/14%20no%2027%201-28%20mar%2020%201976.pdf
"Vol. 14, No. 29, April 3, 1976", https://www.marxists.org/history/usa/pubs/black-panther/14%20no%2028%201-28%20mar%2027%201976.pdf, ./periodicals/black-panther/bpp-covers/14%20no%2028%201-28%20mar%2027%201976_cover.pdf, ./periodicals/black-panther/bpp-issues/14%20no%2028%201-28%20mar%2027%201976.pdf
"Vol. 14, No. 30, April 10, 1976", https://www.marxists.org/history/usa/pubs/black-panther/14%20no%2029%201-28%20apr%203%201976.pdf, ./periodicals/black-panther/bpp-covers/14%20no%2029%201-28%20apr%203%201976_cover.pdf, ./periodicals/black-panther/bpp-issues/14%20no%2029%201-28%20apr%203%201976.pdf
"Vol. 15, No. 1, April 17, 1976", https://www.marxists.org/history/usa/pubs/black-panther/14%20no%2030%201-28%20apr%2010%201976.pdf, ./periodicals/black-panther/bpp-covers/14%20no%2030%201-28%20apr%2010%201976_cover.pdf, ./periodicals/black-panther/bpp-issues/14%20no%2030%201-28%20apr%2010%201976.pdf
"Vol. 15, No. 2, April 24, 1976", https://www.marxists.org/history/usa/pubs/black-panther/15%20no%201%201-28%20apr%2017%201976.pdf, ./periodicals/black-panther/bpp-covers/15%20no%201%201-28%20apr%2017%201976_cover.pdf, ./periodicals/black-panther/bpp-issues/15%20no%201%201-28%20apr%2017%201976.pdf
"Vol. 15, No. 3, May 1, 1976", https://www.marxists.org/history/usa/pubs/black-panther/15%20no%202%201-28%20apr%2024%201976.pdf, ./periodicals/black-panther/bpp-covers/15%20no%202%201-28%20apr%2024%201976_cover.pdf, ./periodicals/black-panther/bpp-issues/15%20no%202%201-28%20apr%2024%201976.pdf
"Vol. 15, No. 4, May 8, 1976", https://www.marxists.org/history/usa/pubs/black-panther/15%20no%203%201-28%20may%201%201976.pdf, ./periodicals/black-panther/bpp-covers/15%20no%203%201-28%20may%201%201976_cover.pdf, ./periodicals/black-panther/bpp-issues/15%20no%203%201-28%20may%201%201976.pdf
"Vol. 15, No. 5, May 15, 1976", https://www.marxists.org/history/usa/pubs/black-panther/15%20no%204%201-28%20may%208%201976.pdf, ./periodicals/black-panther/bpp-covers/15%20no%204%201-28%20may%208%201976_cover.pdf, ./periodicals/black-panther/bpp-issues/15%20no%204%201-28%20may%208%201976.pdf
"Vol. 15, No. 6, May 22, 1976", https://www.marxists.org/history/usa/pubs/black-panther/15%20no%205%201-28%20may%2015%201976.pdf, ./periodicals/black-panther/bpp-covers/15%20no%205%201-28%20may%2015%201976_cover.pdf, ./periodicals/black-panther/bpp-issues/15%20no%205%201-28%20may%2015%201976.pdf
"Vol. 15, No. 7, May 29, 1976", https://www.marxists.org/history/usa/pubs/black-panther/15%20no%206%201-28%20may%2022%201976.pdf, ./periodicals/black-panther/bpp-covers/15%20no%206%201-28%20may%2022%201976_cover.pdf, ./periodicals/black-panther/bpp-issues/15%20no%206%201-28%20may%2022%201976.pdf
"Vol. 15, No. 8, June 5, 1976", https://www.marxists.org/history/usa/pubs/black-panther/15%20no%207%201-28%20may%2029%201976.pdf, ./periodicals/black-panther/bpp-covers/15%20no%207%201-28%20may%2029%201976_cover.pdf, ./periodicals/black-panther/bpp-issues/15%20no%207%201-28%20may%2029%201976.pdf
"Vol. 15, No. 9, June 12, 1976", https://www.marxists.org/history/usa/pubs/black-panther/15%20no%208%201-28%20jun%205%201975.pdf, ./periodicals/black-panther/bpp-covers/15%20no%208%201-28%20jun%205%201975_cover.pdf, ./periodicals/black-panther/bpp-issues/15%20no%208%201-28%20jun%205%201975.pdf
"Vol. 15, No. 10, June 19, 1976", https://www.marxists.org/history/usa/pubs/black-panther/15%20no%209%201-28%20jun%2012%201976.pdf, ./periodicals/black-panther/bpp-covers/15%20no%209%201-28%20jun%2012%201976_cover.pdf, ./periodicals/black-panther/bpp-issues/15%20no%209%201-28%20jun%2012%201976.pdf
"Vol. 15, No. 11, June 26, 1976", https://www.marxists.org/history/usa/pubs/black-panther/15%20no%2010%201-28%20jun%2019%201976.pdf, ./periodicals/black-panther/bpp-covers/15%20no%2010%201-28%20jun%2019%201976_cover.pdf, ./periodicals/black-panther/bpp-issues/15%20no%2010%201-28%20jun%2019%201976.pdf
"Vol. 15, No. 12, July 3, 1976", https://www.marxists.org/history/usa/pubs/black-panther/15%20no%2011%201-28%20jun%2026%201976.pdf, ./periodicals/black-panther/bpp-covers/15%20no%2011%201-28%20jun%2026%201976_cover.pdf, ./periodicals/black-panther/bpp-issues/15%20no%2011%201-28%20jun%2026%201976.pdf
"Vol. 15, No. 13, July 10, 1976", https://www.marxists.org/history/usa/pubs/black-panther/15%20no%2012%201-28%20jul%203%201976.pdf, ./periodicals/black-panther/bpp-covers/15%20no%2012%201-28%20jul%203%201976_cover.pdf, ./periodicals/black-panther/bpp-issues/15%20no%2012%201-28%20jul%203%201976.pdf
"Vol. 15, No. 14, July 17, 1976", https://www.marxists.org/history/usa/pubs/black-panther/15%20no%2013%201-28%20jul%2010%201976.pdf, ./periodicals/black-panther/bpp-covers/15%20no%2013%201-28%20jul%2010%201976_cover.pdf, ./periodicals/black-panther/bpp-issues/15%20no%2013%201-28%20jul%2010%201976.pdf
"Vol. 15, No. 15, July 24, 1976", https://www.marxists.org/history/usa/pubs/black-panther/15%20no%2014%201-28%20jul%2017%201976.pdf, ./periodicals/black-panther/bpp-covers/15%20no%2014%201-28%20jul%2017%201976_cover.pdf, ./periodicals/black-panther/bpp-issues/15%20no%2014%201-28%20jul%2017%201976.pdf
"Vol. 15, No. 17, August 7, 1976", https://www.marxists.org/history/usa/pubs/black-panther/15%20no%2015%201-28%20jul%2024%201976.pdf, ./periodicals/black-panther/bpp-covers/15%20no%2015%201-28%20jul%2024%201976_cover.pdf, ./periodicals/black-panther/bpp-issues/15%20no%2015%201-28%20jul%2024%201976.pdf
"Vol. 15, No. 18, August 14, 1976", https://www.marxists.org/history/usa/pubs/black-panther/15%20no%2017%201-28%20aug%207%201976.pdf, ./periodicals/black-panther/bpp-covers/15%20no%2017%201-28%20aug%207%201976_cover.pdf, ./periodicals/black-panther/bpp-issues/15%20no%2017%201-28%20aug%207%201976.pdf
"Vol. 15, No. 19, August 21, 1976", https://www.marxists.org/history/usa/pubs/black-panther/15%20no%2018%201-28%20aug%2014%201976.pdf, ./periodicals/black-panther/bpp-covers/15%20no%2018%201-28%20aug%2014%201976_cover.pdf, ./periodicals/black-panther/bpp-issues/15%20no%2018%201-28%20aug%2014%201976.pdf
"Vol. 15, No. 20, August 28, 1976", https://www.marxists.org/history/usa/pubs/black-panther/15%20no%2019%201-26%20aug%202%201976.pdf, ./periodicals/black-panther/bpp-covers/15%20no%2019%201-26%20aug%202%201976_cover.pdf, ./periodicals/black-panther/bpp-issues/15%20no%2019%201-26%20aug%202%201976.pdf
"Vol. 15, No. 21, September 4, 1976", https://www.marxists.org/history/usa/pubs/black-panther/15%20no%2020%201-23%20aug%2028%201976.pdf, ./periodicals/black-panther/bpp-covers/15%20no%2020%201-23%20aug%2028%201976_cover.pdf, ./periodicals/black-panther/bpp-issues/15%20no%2020%201-23%20aug%2028%201976.pdf
"Vol. 15, No. 22, September 11, 1976", https://www.marxists.org/history/usa/pubs/black-panther/15%20no%2021%201-28%20sep%204%201976.pdf, ./periodicals/black-panther/bpp-covers/15%20no%2021%201-28%20sep%204%201976_cover.pdf, ./periodicals/black-panther/bpp-issues/15%20no%2021%201-28%20sep%204%201976.pdf
"Vol. 15, No. 23, September 18, 1976", https://www.marxists.org/history/usa/pubs/black-panther/15%20no%2022%201-28%20sep%2011%201976.pdf, ./periodicals/black-panther/bpp-covers/15%20no%2022%201-28%20sep%2011%201976_cover.pdf, ./periodicals/black-panther/bpp-issues/15%20no%2022%201-28%20sep%2011%201976.pdf
"Vol. 15, No. 24, September 25, 1976", https://www.marxists.org/history/usa/pubs/black-panther/15%20no%2023%201-28%20sep%2018%201976.pdf, ./periodicals/black-panther/bpp-covers/15%20no%2023%201-28%20sep%2018%201976_cover.pdf, ./periodicals/black-panther/bpp-issues/15%20no%2023%201-28%20sep%2018%201976.pdf
"Vol. 15, No. 25, October 2, 1976", https://www.marxists.org/history/usa/pubs/black-panther/15%20no%2024%201-28%20sep%2025%201976.pdf, ./periodicals/black-panther/bpp-covers/15%20no%2024%201-28%20sep%2025%201976_cover.pdf, ./periodicals/black-panther/bpp-issues/15%20no%2024%201-28%20sep%2025%201976.pdf
"Vol. 15, No. 26, October 9, 1976", https://www.marxists.org/history/usa/pubs/black-panther/15%20no%2025%201-28%20oct%202%201976.pdf, ./periodicals/black-panther/bpp-covers/15%20no%2025%201-28%20oct%202%201976_cover.pdf, ./periodicals/black-panther/bpp-issues/15%20no%2025%201-28%20oct%202%201976.pdf
"Vol. 15, No. 27, October 16, 1976", https://www.marxists.org/history/usa/pubs/black-panther/15%20no%2026%201-26%20oct%209%201976.pdf, ./periodicals/black-panther/bpp-covers/15%20no%2026%201-26%20oct%209%201976_cover.pdf, ./periodicals/black-panther/bpp-issues/15%20no%2026%201-26%20oct%209%201976.pdf
"Vol. 15, No. 28, October 23, 1976", https://www.marxists.org/history/usa/pubs/black-panther/15%20no%2027%201-22%20oct%2016%201976.pdf, ./periodicals/black-panther/bpp-covers/15%20no%2027%201-22%20oct%2016%201976_cover.pdf, ./periodicals/black-panther/bpp-issues/15%20no%2027%201-22%20oct%2016%201976.pdf
"Vol. 15, No. 29, October 29, 1976", https://www.marxists.org/history/usa/pubs/black-panther/15%20no%2028%201-26%20oct%2023%201976.pdf, ./periodicals/black-panther/bpp-covers/15%20no%2028%201-26%20oct%2023%201976_cover.pdf, ./periodicals/black-panther/bpp-issues/15%20no%2028%201-26%20oct%2023%201976.pdf
"Vol. 15, No. 30, November 6, 1976", https://www.marxists.org/history/usa/pubs/black-panther/15%20no%2029%201-28%20oct%2030%201976.pdf, ./periodicals/black-panther/bpp-covers/15%20no%2029%201-28%20oct%2030%201976_cover.pdf, ./periodicals/black-panther/bpp-issues/15%20no%2029%201-28%20oct%2030%201976.pdf
"Vol. 16, No. 8, Jan 1, 1977", https://www.marxists.org/history/usa/pubs/black-panther/15%20no%2030%201-28%20nov%206%201976.pdf, ./periodicals/black-panther/bpp-covers/15%20no%2030%201-28%20nov%206%201976_cover.pdf, ./periodicals/black-panther/bpp-issues/15%20no%2030%201-28%20nov%206%201976.pdf
"Vol. 16, No. 9, Jan 8, 1977", https://www.marxists.org/history/usa/pubs/black-panther/16%20no%208%201-28%20jan%201%201977.pdf, ./periodicals/black-panther/bpp-covers/16%20no%208%201-28%20jan%201%201977_cover.pdf, ./periodicals/black-panther/bpp-issues/16%20no%208%201-28%20jan%201%201977.pdf
"Vol. 16, No. 10, Jan 15, 1977", https://www.marxists.org/history/usa/pubs/black-panther/16%20no%209%201-28%20jan%208%201977.pdf, ./periodicals/black-panther/bpp-covers/16%20no%209%201-28%20jan%208%201977_cover.pdf, ./periodicals/black-panther/bpp-issues/16%20no%209%201-28%20jan%208%201977.pdf
"Vol. 16, No. 11, Jan 22, 1977", https://www.marxists.org/history/usa/pubs/black-panther/16%20no%2010%201-28%20jan%2015%201977.pdf, ./periodicals/black-panther/bpp-covers/16%20no%2010%201-28%20jan%2015%201977_cover.pdf, ./periodicals/black-panther/bpp-issues/16%20no%2010%201-28%20jan%2015%201977.pdf
"Vol. 16, No. 12, Jan 29, 1977", https://www.marxists.org/history/usa/pubs/black-panther/16%20no%2011%201-28%20jan%2022%201977.pdf, ./periodicals/black-panther/bpp-covers/16%20no%2011%201-28%20jan%2022%201977_cover.pdf, ./periodicals/black-panther/bpp-issues/16%20no%2011%201-28%20jan%2022%201977.pdf
"Vol. 16, No. 13, Feb 5, 1977", https://www.marxists.org/history/usa/pubs/black-panther/16%20no%2012%201-26%20jan%2029%201977.pdf, ./periodicals/black-panther/bpp-covers/16%20no%2012%201-26%20jan%2029%201977_cover.pdf, ./periodicals/black-panther/bpp-issues/16%20no%2012%201-26%20jan%2029%201977.pdf
"Vol. 16, No. 14, Feb 12, 1977", https://www.marxists.org/history/usa/pubs/black-panther/16%20no%2013%201-26%20feb%205%201977.pdf, ./periodicals/black-panther/bpp-covers/16%20no%2013%201-26%20feb%205%201977_cover.pdf, ./periodicals/black-panther/bpp-issues/16%20no%2013%201-26%20feb%205%201977.pdf
"Vol. 16, No. 15, Feb 19, 1977", https://www.marxists.org/history/usa/pubs/black-panther/16%20no%2014%201-28%20feb%2012%201977.pdf, ./periodicals/black-panther/bpp-covers/16%20no%2014%201-28%20feb%2012%201977_cover.pdf, ./periodicals/black-panther/bpp-issues/16%20no%2014%201-28%20feb%2012%201977.pdf
"Vol. 16, No. 16, Feb 26, 1977", https://www.marxists.org/history/usa/pubs/black-panther/16%20no%2015%201-28%20feb%2019%201977.pdf, ./periodicals/black-panther/bpp-covers/16%20no%2015%201-28%20feb%2019%201977_cover.pdf, ./periodicals/black-panther/bpp-issues/16%20no%2015%201-28%20feb%2019%201977.pdf
"Vol. 16, No. 20, Apr 2, 1977", https://www.marxists.org/history/usa/pubs/black-panther/16%20n0%2016%201-28%20feb%2026%201977.pdf, ./periodicals/black-panther/bpp-covers/16%20n0%2016%201-28%20feb%2026%201977_cover.pdf, ./periodicals/black-panther/bpp-issues/16%20n0%2016%201-28%20feb%2026%201977.pdf
"Vol. 16, No. 21, Apr 9, 1977", https://www.marxists.org/history/usa/pubs/black-panther/16%20no%2020%201-28%20apr%202%201977.pdf, ./periodicals/black-panther/bpp-covers/16%20no%2020%201-28%20apr%202%201977_cover.pdf, ./periodicals/black-panther/bpp-issues/16%20no%2020%201-28%20apr%202%201977.pdf
"Vol. 16, No. 22, Apr 16, 1977", https://www.marxists.org/history/usa/pubs/black-panther/16%20no%2021%201-28%20apr%209%201977.pdf, ./periodicals/black-panther/bpp-covers/16%20no%2021%201-28%20apr%209%201977_cover.pdf, ./periodicals/black-panther/bpp-issues/16%20no%2021%201-28%20apr%209%201977.pdf
"Vol. 16, No. 23, Apr 23, 1977", https://www.marxists.org/history/usa/pubs/black-panther/16%20no%2022%201-28%20apr%2016%201977.pdf, ./periodicals/black-panther/bpp-covers/16%20no%2022%201-28%20apr%2016%201977_cover.pdf, ./periodicals/black-panther/bpp-issues/16%20no%2022%201-28%20apr%2016%201977.pdf
"Vol. 16, No. 24, Apr 30, 1977", https://www.marxists.org/history/usa/pubs/black-panther/16%20no%2023%201-28%20apr%2023%201977.pdf, ./periodicals/black-panther/bpp-covers/16%20no%2023%201-28%20apr%2023%201977_cover.pdf, ./periodicals/black-panther/bpp-issues/16%20no%2023%201-28%20apr%2023%201977.pdf
"Vol. 16, No. 25, May 7, 1977", https://www.marxists.org/history/usa/pubs/black-panther/16%20n0%2024%201-28%20apr%2030%201977.pdf, ./periodicals/black-panther/bpp-covers/16%20n0%2024%201-28%20apr%2030%201977_cover.pdf, ./periodicals/black-panther/bpp-issues/16%20n0%2024%201-28%20apr%2030%201977.pdf
"Vol. 16, No. 26, May 14, 1977", https://www.marxists.org/history/usa/pubs/black-panther/16%20no%2025%201-28%20may%207%201977.pdf, ./periodicals/black-panther/bpp-covers/16%20no%2025%201-28%20may%207%201977_cover.pdf, ./periodicals/black-panther/bpp-issues/16%20no%2025%201-28%20may%207%201977.pdf
"Vol. 16, No. 27, May 21, 1977", https://www.marxists.org/history/usa/pubs/black-panther/16%20no%2026%201-28%20may%2014%201977.pdf, ./periodicals/black-panther/bpp-covers/16%20no%2026%201-28%20may%2014%201977_cover.pdf, ./periodicals/black-panther/bpp-issues/16%20no%2026%201-28%20may%2014%201977.pdf
"Vol. 16, No. 28, May 28, 1977", https://www.marxists.org/history/usa/pubs/black-panther/16%20no%2027%201-25%20may%2021%201977.pdf, ./periodicals/black-panther/bpp-covers/16%20no%2027%201-25%20may%2021%201977_cover.pdf, ./periodicals/black-panther/bpp-issues/16%20no%2027%201-25%20may%2021%201977.pdf
"Vol. 16, No. 29, Jun 4, 1977", https://www.marxists.org/history/usa/pubs/black-panther/16%20no%2028%201-28%20may%2028%201977.pdf, ./periodicals/black-panther/bpp-covers/16%20no%2028%201-28%20may%2028%201977_cover.pdf, ./periodicals/black-panther/bpp-issues/16%20no%2028%201-28%20may%2028%201977.pdf
"Vol. 16, No. 30, Jun 11, 1977", https://www.marxists.org/history/usa/pubs/black-panther/16%20no%2029%201-28%20jun%204%201977.pdf, ./periodicals/black-panther/bpp-covers/16%20no%2029%201-28%20jun%204%201977_cover.pdf, ./periodicals/black-panther/bpp-issues/16%20no%2029%201-28%20jun%204%201977.pdf
"Vol. 17, No. 1, , 1977", https://www.marxists.org/history/usa/pubs/black-panther/16%20no%2030%201-28%20jun%2011%201977.pdf, ./periodicals/black-panther/bpp-covers/16%20no%2030%201-28%20jun%2011%201977_cover.pdf, ./periodicals/black-panther/bpp-issues/16%20no%2030%201-28%20jun%2011%201977.pdf
"Vol. 17, No. 2, , 1977", https://www.marxists.org/history/usa/pubs/black-panther/17%20no%201%201-28%20jun%2018%201977.pdf, ./periodicals/black-panther/bpp-covers/17%20no%201%201-28%20jun%2018%201977_cover.pdf, ./periodicals/black-panther/bpp-issues/17%20no%201%201-28%20jun%2018%201977.pdf
"Vol. 17, No. 3, , 1977", https://www.marxists.org/history/usa/pubs/black-panther/17%20no%202%201-28%20jun%2025%201977.pdf, ./periodicals/black-panther/bpp-covers/17%20no%202%201-28%20jun%2025%201977_cover.pdf, ./periodicals/black-panther/bpp-issues/17%20no%202%201-28%20jun%2025%201977.pdf
"Vol. 17, No. 4, , 1977", https://www.marxists.org/history/usa/pubs/black-panther/17%20no%203%201-28%20jul%202%201977.pdf, ./periodicals/black-panther/bpp-covers/17%20no%203%201-28%20jul%202%201977_cover.pdf, ./periodicals/black-panther/bpp-issues/17%20no%203%201-28%20jul%202%201977.pdf
"Vol. 17, No. 5, , 1977", https://www.marxists.org/history/usa/pubs/black-panther/17%20no%204%201-28%20jul%209%201977.pdf, ./periodicals/black-panther/bpp-covers/17%20no%204%201-28%20jul%209%201977_cover.pdf, ./periodicals/black-panther/bpp-issues/17%20no%204%201-28%20jul%209%201977.pdf
"Vol. 17, No. 6, , 1977", https://www.marxists.org/history/usa/pubs/black-panther/17%20no%205%201-28%20jul%2016%201977.pdf, ./periodicals/black-panther/bpp-covers/17%20no%205%201-28%20jul%2016%201977_cover.pdf, ./periodicals/black-panther/bpp-issues/17%20no%205%201-28%20jul%2016%201977.pdf
"Vol. 17, No. 7, , 1977", https://www.marxists.org/history/usa/pubs/black-panther/17%20no%206%201-28%20jul%2023%201977.pdf, ./periodicals/black-panther/bpp-covers/17%20no%206%201-28%20jul%2023%201977_cover.pdf, ./periodicals/black-panther/bpp-issues/17%20no%206%201-28%20jul%2023%201977.pdf
"Vol. 17, No. 8, , 1977", https://www.marxists.org/history/usa/pubs/black-panther/17%20no%207%201-28%20jul%2030%201977.pdf, ./periodicals/black-panther/bpp-covers/17%20no%207%201-28%20jul%2030%201977_cover.pdf, ./periodicals/black-panther/bpp-issues/17%20no%207%201-28%20jul%2030%201977.pdf
"Vol. 17, No. 9, , 1977", https://www.marxists.org/history/usa/pubs/black-panther/17%20no%208%201-28%20aug%206%201977.pdf, ./periodicals/black-panther/bpp-covers/17%20no%208%201-28%20aug%206%201977_cover.pdf, ./periodicals/black-panther/bpp-issues/17%20no%208%201-28%20aug%206%201977.pdf
"Vol. 17, No. 10, , 1977", https://www.marxists.org/history/usa/pubs/black-panther/17%20no%209%201-28%20aug%2013%201977.pdf, ./periodicals/black-panther/bpp-covers/17%20no%209%201-28%20aug%2013%201977_cover.pdf, ./periodicals/black-panther/bpp-issues/17%20no%209%201-28%20aug%2013%201977.pdf
"Vol. 17, No. 11, , 1977", https://www.marxists.org/history/usa/pubs/black-panther/17%20no%2010%201-28%20aug%2020%201977.pdf, ./periodicals/black-panther/bpp-covers/17%20no%2010%201-28%20aug%2020%201977_cover.pdf, ./periodicals/black-panther/bpp-issues/17%20no%2010%201-28%20aug%2020%201977.pdf
"Vol. 17, No. 12, , 1977", https://www.marxists.org/history/usa/pubs/black-panther/17%20no%2011%201-28%20aug%2027%201977.pdf, ./periodicals/black-panther/bpp-covers/17%20no%2011%201-28%20aug%2027%201977_cover.pdf, ./periodicals/black-panther/bpp-issues/17%20no%2011%201-28%20aug%2027%201977.pdf
"Vol. 17, No. 13, , 1977", https://www.marxists.org/history/usa/pubs/black-panther/17%20no%2012%201-28%20sep%203%201977.pdf, ./periodicals/black-panther/bpp-covers/17%20no%2012%201-28%20sep%203%201977_cover.pdf, ./periodicals/black-panther/bpp-issues/17%20no%2012%201-28%20sep%203%201977.pdf
"Vol. 17, No. 14, , 1977", https://www.marxists.org/history/usa/pubs/black-panther/17%20no%2013%201-28%20sep%2010%201977.pdf, ./periodicals/black-panther/bpp-covers/17%20no%2013%201-28%20sep%2010%201977_cover.pdf, ./periodicals/black-panther/bpp-issues/17%20no%2013%201-28%20sep%2010%201977.pdf
"Vol. 17, No. 15, , 1977", https://www.marxists.org/history/usa/pubs/black-panther/17%20no%2014%201-28%20sep%2017%201977.pdf, ./periodicals/black-panther/bpp-covers/17%20no%2014%201-28%20sep%2017%201977_cover.pdf, ./periodicals/black-panther/bpp-issues/17%20no%2014%201-28%20sep%2017%201977.pdf
"Vol. 17, No. 16, , 1977", https://www.marxists.org/history/usa/pubs/black-panther/17%20no%2015%201-28%20sep%2024%201977.pdf, ./periodicals/black-panther/bpp-covers/17%20no%2015%201-28%20sep%2024%201977_cover.pdf, ./periodicals/black-panther/bpp-issues/17%20no%2015%201-28%20sep%2024%201977.pdf
"Vol. 17, No. 17, , 1977", https://www.marxists.org/history/usa/pubs/black-panther/17%20no%2016%201-28%20oct%208%201977.pdf, ./periodicals/black-panther/bpp-covers/17%20no%2016%201-28%20oct%208%201977_cover.pdf, ./periodicals/black-panther/bpp-issues/17%20no%2016%201-28%20oct%208%201977.pdf
"Vol. 17, No. 18, , 1977", https://www.marxists.org/history/usa/pubs/black-panther/17%20no%2017%201-28%20oct%2015%201977.pdf, ./periodicals/black-panther/bpp-covers/17%20no%2017%201-28%20oct%2015%201977_cover.pdf, ./periodicals/black-panther/bpp-issues/17%20no%2017%201-28%20oct%2015%201977.pdf
"Vol. 17, No. 19, , 1977", https://www.marxists.org/history/usa/pubs/black-panther/17%20no%2018%201-28%20oct%2022%201977.pdf, ./periodicals/black-panther/bpp-covers/17%20no%2018%201-28%20oct%2022%201977_cover.pdf, ./periodicals/black-panther/bpp-issues/17%20no%2018%201-28%20oct%2022%201977.pdf
"Vol. 17, No. 20, , 1977", https://www.marxists.org/history/usa/pubs/black-panther/17%20no%2019%201-28%20oct%2029%201977.pdf, ./periodicals/black-panther/bpp-covers/17%20no%2019%201-28%20oct%2029%201977_cover.pdf, ./periodicals/black-panther/bpp-issues/17%20no%2019%201-28%20oct%2029%201977.pdf
"Vol. 17, No. 21, , 1977", https://www.marxists.org/history/usa/pubs/black-panther/17%20no%2020%201-28%20nov%205%201977.pdf, ./periodicals/black-panther/bpp-covers/17%20no%2020%201-28%20nov%205%201977_cover.pdf, ./periodicals/black-panther/bpp-issues/17%20no%2020%201-28%20nov%205%201977.pdf
"Vol. 17, No. 22, , 1977", https://www.marxists.org/history/usa/pubs/black-panther/17%20no%2021%201-28%20nov%2012%201977.pdf, ./periodicals/black-panther/bpp-covers/17%20no%2021%201-28%20nov%2012%201977_cover.pdf, ./periodicals/black-panther/bpp-issues/17%20no%2021%201-28%20nov%2012%201977.pdf
"Vol. 17, No. 23, , 1977", https://www.marxists.org/history/usa/pubs/black-panther/17%20no%2022%201-28%20nov%2019%201977.pdf, ./periodicals/black-panther/bpp-covers/17%20no%2022%201-28%20nov%2019%201977_cover.pdf, ./periodicals/black-panther/bpp-issues/17%20no%2022%201-28%20nov%2019%201977.pdf
"Vol. 17, No. 24, , 1977", https://www.marxists.org/history/usa/pubs/black-panther/17%20no%2023%201-28%20nov%2026%201977.pdf, ./periodicals/black-panther/bpp-covers/17%20no%2023%201-28%20nov%2026%201977_cover.pdf, ./periodicals/black-panther/bpp-issues/17%20no%2023%201-28%20nov%2026%201977.pdf
"Vol. 17, No. 25, , 1977", https://www.marxists.org/history/usa/pubs/black-panther/17%20no%2024%201-28%20dec%203%201977.pdf, ./periodicals/black-panther/bpp-covers/17%20no%2024%201-28%20dec%203%201977_cover.pdf, ./periodicals/black-panther/bpp-issues/17%20no%2024%201-28%20dec%203%201977.pdf
"Vol. 17, No. 26, , 1977", https://www.marxists.org/history/usa/pubs/black-panther/17%20no%2025%201-28%20dec%2010%201977.pdf, ./periodicals/black-panther/bpp-covers/17%20no%2025%201-28%20dec%2010%201977_cover.pdf, ./periodicals/black-panther/bpp-issues/17%20no%2025%201-28%20dec%2010%201977.pdf
"Vol. 17, No. 27, , 1977", https://www.marxists.org/history/usa/pubs/black-panther/17%20no%2026%201-28%20dec%2017%201977.pdf, ./periodicals/black-panther/bpp-covers/17%20no%2026%201-28%20dec%2017%201977_cover.pdf, ./periodicals/black-panther/bpp-issues/17%20no%2026%201-28%20dec%2017%201977.pdf
"Vol. 17, No. 28, , 1977", https://www.marxists.org/history/usa/pubs/black-panther/17%20no%2027%201-26%20dec%2024%201977.pdf, ./periodicals/black-panther/bpp-covers/17%20no%2027%201-26%20dec%2024%201977_cover.pdf, ./periodicals/black-panther/bpp-issues/17%20no%2027%201-26%20dec%2024%201977.pdf
"Vol. 18, No. 1, Jan 21, 1978", https://www.marxists.org/history/usa/pubs/black-panther/17%20no%2028%201-28%20dec%2031%201977.pdf, ./periodicals/black-panther/bpp-covers/17%20no%2028%201-28%20dec%2031%201977_cover.pdf, ./periodicals/black-panther/bpp-issues/17%20no%2028%201-28%20dec%2031%201977.pdf
"Vol. 18, No. 2, Jan 28, 1978", https://www.marxists.org/history/usa/pubs/black-panther/18%20no%201%201-28%20jan%2021%201978.pdf, ./periodicals/black-panther/bpp-covers/18%20no%201%201-28%20jan%2021%201978_cover.pdf, ./periodicals/black-panther/bpp-issues/18%20no%201%201-28%20jan%2021%201978.pdf
"Vol. 18, No. 3, Feb 4, 1978", https://www.marxists.org/history/usa/pubs/black-panther/18%20no%202%201-28%20jan%2028%201978.pdf, ./periodicals/black-panther/bpp-covers/18%20no%202%201-28%20jan%2028%201978_cover.pdf, ./periodicals/black-panther/bpp-issues/18%20no%202%201-28%20jan%2028%201978.pdf
"Vol. 18, No. 4, Feb 11, 1978", https://www.marxists.org/history/usa/pubs/black-panther/18%20no%203%201-28%20feb%204%201978.pdf, ./periodicals/black-panther/bpp-covers/18%20no%203%201-28%20feb%204%201978_cover.pdf, ./periodicals/black-panther/bpp-issues/18%20no%203%201-28%20feb%204%201978.pdf
"Vol. 18, No. 5, Feb 18, 1978", https://www.marxists.org/history/usa/pubs/black-panther/18%20no%204%201-28%20feb%2011%201978.pdf, ./periodicals/black-panther/bpp-covers/18%20no%204%201-28%20feb%2011%201978_cover.pdf, ./periodicals/black-panther/bpp-issues/18%20no%204%201-28%20feb%2011%201978.pdf
"Vol. 18, No. 6, Feb 25, 1978", https://www.marxists.org/history/usa/pubs/black-panther/18%20no%205%201-28%20feb%2018%201978.pdf, ./periodicals/black-panther/bpp-covers/18%20no%205%201-28%20feb%2018%201978_cover.pdf, ./periodicals/black-panther/bpp-issues/18%20no%205%201-28%20feb%2018%201978.pdf
"Vol. 18, No. 7, Mar 4, 1978", https://www.marxists.org/history/usa/pubs/black-panther/18%20no%206%201-28%20feb%2025%201978.pdf, ./periodicals/black-panther/bpp-covers/18%20no%206%201-28%20feb%2025%201978_cover.pdf, ./periodicals/black-panther/bpp-issues/18%20no%206%201-28%20feb%2025%201978.pdf
"Vol. 18, No. 8, Mar 11, 1978", https://www.marxists.org/history/usa/pubs/black-panther/18%20no%207%201-28%20mar%204%201978.pdf, ./periodicals/black-panther/bpp-covers/18%20no%207%201-28%20mar%204%201978_cover.pdf, ./periodicals/black-panther/bpp-issues/18%20no%207%201-28%20mar%204%201978.pdf
"Vol. 18, No. 12, Apr 15, 1978", https://www.marxists.org/history/usa/pubs/black-panther/18%20no%208%201-26%20mar%2011%201978.pdf, ./periodicals/black-panther/bpp-covers/18%20no%208%201-26%20mar%2011%201978_cover.pdf, ./periodicals/black-panther/bpp-issues/18%20no%208%201-26%20mar%2011%201978.pdf
"Vol. 18, No. 17, Jul 15, 1978", https://www.marxists.org/history/usa/pubs/black-panther/18%20no%2012%201-16%20apr%2015%201978.pdf, ./periodicals/black-panther/bpp-covers/18%20no%2012%201-16%20apr%2015%201978_cover.pdf, ./periodicals/black-panther/bpp-issues/18%20no%2012%201-16%20apr%2015%201978.pdf
"Vol. 18, No. 26, Dec 2-15, 1978", https://www.marxists.org/history/usa/pubs/black-panther/18%20no%2017%201-17%20jul%2015-28%201978.pdf, ./periodicals/black-panther/bpp-covers/18%20no%2017%201-17%20jul%2015-28%201978_cover.pdf, ./periodicals/black-panther/bpp-issues/18%20no%2017%201-17%20jul%2015-28%201978.pdf
"Vol. 18, No. 28, Dec 16-29, 1978", https://www.marxists.org/history/usa/pubs/black-panther/18%20no%2026%201-16%20dec%202-15%201978.pdf, ./periodicals/black-panther/bpp-covers/18%20no%2026%201-16%20dec%202-15%201978_cover.pdf, ./periodicals/black-panther/bpp-issues/18%20no%2026%201-16%20dec%202-15%201978.pdf
"Vol. 18, No. 29, Dec 30, 1978", https://www.marxists.org/history/usa/pubs/black-panther/18%20no%2028%201-16%20dec%2016-29%201978.pdf, ./periodicals/black-panther/bpp-covers/18%20no%2028%201-16%20dec%2016-29%201978_cover.pdf, ./periodicals/black-panther/bpp-issues/18%20no%2028%201-16%20dec%2016-29%201978.pdf
"Vol. 19, No. 2, Feb 19–Mar 4, 1979", https://www.marxists.org/history/usa/pubs/black-panther/18%20no%2029%201-16%20dec%2030%201978%20jan%2012%201979.pdf, ./periodicals/black-panther/bpp-covers/18%20no%2029%201-16%20dec%2030%201978%20jan%2012%201979_cover.pdf, ./periodicals/black-panther/bpp-issues/18%20no%2029%201-16%20dec%2030%201978%20jan%2012%201979.pdf
"Vol. 19, No. 3, Mar 12–25, 1979", https://www.marxists.org/history/usa/pubs/black-panther/19%20no%202%201-16%20feb%2019%20mar%204%201979.pdf, ./periodicals/black-panther/bpp-covers/19%20no%202%201-16%20feb%2019%20mar%204%201979_cover.pdf, ./periodicals/black-panther/bpp-issues/19%20no%202%201-16%20feb%2019%20mar%204%201979.pdf
"Vol. 19, No. 6, Apr 30–May 13, 1979", https://www.marxists.org/history/usa/pubs/black-panther/19%20no%203%201-16%20mar%2012-25%201979.pdf, ./periodicals/black-panther/bpp-covers/19%20no%203%201-16%20mar%2012-25%201979_cover.pdf, ./periodicals/black-panther/bpp-issues/19%20no%203%201-16%20mar%2012-25%201979.pdf
"Vol. 19, No. 7, May 14–27, 1979", https://www.marxists.org/history/usa/pubs/black-panther/19%20no%206%201-16%20apr%2030%20may%2013%201979.pdf, ./periodicals/black-panther/bpp-covers/19%20no%206%201-16%20apr%2030%20may%2013%201979_cover.pdf, ./periodicals/black-panther/bpp-issues/19%20no%206%201-16%20apr%2030%20may%2013%201979.pdf
"Vol. 19, No. 8, May 28–Jun 10, 1979", https://www.marxists.org/history/usa/pubs/black-panther/19%20no%207%201-16%20may%2014-27%201979.pdf, ./periodicals/black-panther/bpp-covers/19%20no%207%201-16%20may%2014-27%201979_cover.pdf, ./periodicals/black-panther/bpp-issues/19%20no%207%201-16%20may%2014-27%201979.pdf
"Vol. 19, No. 9, Jul 23–Aug 5, 1979", https://www.marxists.org/history/usa/pubs/black-panther/19%20no%208%201-16%20may%2028%20jun%2010%201979.pdf, ./periodicals/black-panther/bpp-covers/19%20no%208%201-16%20may%2028%20jun%2010%201979_cover.pdf, ./periodicals/black-panther/bpp-issues/19%20no%208%201-16%20may%2028%20jun%2010%201979.pdf
"Vol. 19, No. 10, Oct 1–14, 1979", https://www.marxists.org/history/usa/pubs/black-panther/19%20no%209%201-16%20jul%2023%20-%20aug%205%201979.pdf, ./periodicals/black-panther/bpp-covers/19%20no%209%201-16%20jul%2023%20-%20aug%205%201979_cover.pdf, ./periodicals/black-panther/bpp-issues/19%20no%209%201-16%20jul%2023%20-%20aug%205%201979.pdf
"Vol. 19, No. 11, Dec 17-31, 1979", https://www.marxists.org/history/usa/pubs/black-panther/19%20no%2010%201-16%20oct%201-14%201979.pdf, ./periodicals/black-panther/bpp-covers/19%20no%2010%201-16%20oct%201-14%201979_cover.pdf, ./periodicals/black-panther/bpp-issues/19%20no%2010%201-16%20oct%201-14%201979.pdf
"Vol. 20, No. 1,  Feb 11-24, 1980", https://www.marxists.org/history/usa/pubs/black-panther/19%20no%2011%201-16%20dec%2017-31%201979.pdf, ./periodicals/black-panther/bpp-covers/19%20no%2011%201-16%20dec%2017-31%201979_cover.pdf, ./periodicals/black-panther/bpp-issues/19%20no%2011%201-16%20dec%2017-31%201979.pdf
"Vol. 20, No. 2,  Feb 25-Mar 9, 1980", https://www.marxists.org/history/usa/pubs/black-panther/20%20no%201-16%20feb%2011-24%201980.pdf, ./periodicals/black-panther/bpp-covers/20%20no%201-16%20feb%2011-24%201980_cover.pdf, ./periodicals/black-panther/bpp-issues/20%20no%201-16%20feb%2011-24%201980.pdf
"Vol. 20, No. 3,  Mar 10-22, 1980", https://www.marxists.org/history/usa/pubs/black-panther/20%20no%202%201-16%20feb%2025%20-%20mar%209%201980.pdf, ./periodicals/black-panther/bpp-covers/20%20no%202%201-16%20feb%2025%20-%20mar%209%201980_cover.pdf, ./periodicals/black-panther/bpp-issues/20%20no%202%201-16%20feb%2025%20-%20mar%209%201980.pdf
"Vol. 20, No. 4,  Mar 24-Apr 6, 1980", https://www.marxists.org/history/usa/pubs/black-panther/20%20no%203%201-16%20mar%2010-22%201980.pdf, ./periodicals/black-panther/bpp-covers/20%20no%203%201-16%20mar%2010-22%201980_cover.pdf, ./periodicals/black-panther/bpp-issues/20%20no%203%201-16%20mar%2010-22%201980.pdf
"Vol. 20, No. 5,  Apr 21-May 4, 1980", https://www.marxists.org/history/usa/pubs/black-panther/20%20no%204%201-18%20mar%2024%20apr%206%201980.pdf, ./periodicals/black-panther/bpp-covers/20%20no%204%201-18%20mar%2024%20apr%206%201980_cover.pdf, ./periodicals/black-panther/bpp-issues/20%20no%204%201-18%20mar%2024%20apr%206%201980.pdf
"Vol. 20, No. 6,  May 12-25, 1980", https://www.marxists.org/history/usa/pubs/black-panther/20%20no%205%201-16%20apr%2021%20may%204%201980.pdf, ./periodicals/black-panther/bpp-covers/20%20no%205%201-16%20apr%2021%20may%204%201980_cover.pdf, ./periodicals/black-panther/bpp-issues/20%20no%205%201-16%20apr%2021%20may%204%201980.pdf
"Vol. 20, No. 7,  Jul, 1980", https://www.marxists.org/history/usa/pubs/black-panther/20%20no%206%201-16%20may%2012-25%201980.pdf, ./periodicals/black-panther/bpp-covers/20%20no%206%201-16%20may%2012-25%201980_cover.pdf, ./periodicals/black-panther/bpp-issues/20%20no%206%201-16%20may%2012-25%201980.pdf
"Vol. 20, No. 8,  Aug, 1980", https://www.marxists.org/history/usa/pubs/black-panther/20%20no%207%201-16%20jul%201980.pdf, ./periodicals/black-panther/bpp-covers/20%20no%207%201-16%20jul%201980_cover.pdf, ./periodicals/black-panther/bpp-issues/20%20no%207%201-16%20jul%201980.pdf
"Vol. 20, No. 9,  Sep, 1980", https://www.marxists.org/history/usa/pubs/black-panther/20%20no%208%201-16%20aug%201980.pdf, ./periodicals/black-panther/bpp-covers/20%20no%208%201-16%20aug%201980_cover.pdf, ./periodicals/black-panther/bpp-issues/20%20no%208%201-16%20aug%201980.pdf
"Black Panther Party main page", https://www.marxists.org/history/usa/pubs/black-panther/20%20no%209%201-16%20sep%201980.pdf, ./periodicals/black-panther/bpp-covers/20%20no%209%201-16%20sep%201980_cover.pdf, ./periodicals/black-panther/bpp-issues/20%20no%209%201-16%20sep%201980.pdf
